var1,var2,var3,var4,target
0.968246,-0.968246,0.968246,0.968246,1
0.968246,-0.968246,0.968246,-0.968246,1
0.968246,-0.968246,-0.968246,0.968246,1
0.968246,-0.968246,-0.968246,-0.968246,1
0.968246,0.968246,0.968246,0.968246,1
0.968246,0.968246,0.968246,-0.968246,0
0.968246,0.968246,-0.968246,0.968246,0
0.968246,0.968246,-0.968246,-0.968246,0
-0.968246,-0.968246,0.968246,0.968246,1
-0.968246,-0.968246,0.968246,-0.968246,0
-0.968246,-0.968246,-0.968246,0.968246,0
-0.968246,-0.968246,-0.968246,-0.968246,0
-0.968246,0.968246,0.968246,0.968246,1
-0.968246,0.968246,0.968246,-0.968246,0
-0.968246,0.968246,-0.968246,0.968246,0
-0.968246,0.968246,-0.968246,-0.968246,0
