dataset,approach,spearman,auc_loss,loss_t1,loss_t2,loss_t3,loss_t4,loss_t5
annealing,AR,0.3,0.0211111111111111,0.10555555555555551,0.0,0.0,0.0,0.0
annealing,MR,0.46169025843831935,0.0,0.0,0.0,0.0,0.0,0.0
annealing,Vitórias significativas,0.6,0.0,0.0,0.0,0.0,0.0,0.0
annealing,Abordagem 1 (regressor sobre P),0.6,0.0,0.0,0.0,0.0,0.0,0.0
annealing,Abordagem 2 (regressor sobre R),0.6,0.0,0.0,0.0,0.0,0.0,0.0
annealing,HARRIS (lambda=0.0),0.0,0.0211111111111111,0.10555555555555551,0.0,0.0,0.0,0.0
annealing,HARRIS (lambda=0.25),-0.7999999999999999,0.05811111111111109,0.10555555555555551,0.10555555555555551,0.07944444444444443,0.0,0.0
annealing,HARRIS (lambda=0.5),0.3,0.0,0.0,0.0,0.0,0.0,0.0
annealing,HARRIS (lambda=0.75),-0.6,0.0422222222222222,0.10555555555555551,0.10555555555555551,0.0,0.0,0.0
annealing,HARRIS (lambda=1.0),-0.19999999999999998,0.0211111111111111,0.10555555555555551,0.0,0.0,0.0,0.0
balloons,AR,0.6668859288553501,0.0050000000000000044,0.025000000000000022,0.0,0.0,0.0,0.0
balloons,MR,0.7631578947368421,0.0050000000000000044,0.025000000000000022,0.0,0.0,0.0,0.0
balloons,Vitórias significativas,0.6668859288553501,0.0050000000000000044,0.025000000000000022,0.0,0.0,0.0,0.0
balloons,Abordagem 1 (regressor sobre P),0.6668859288553501,0.0050000000000000044,0.025000000000000022,0.0,0.0,0.0,0.0
balloons,Abordagem 2 (regressor sobre R),-0.30779350562554625,0.015000000000000013,0.050000000000000044,0.025000000000000022,0.0,0.0,0.0
balloons,HARRIS (lambda=0.0),-0.20519567041703082,0.025,0.125,0.0,0.0,0.0,0.0
balloons,HARRIS (lambda=0.25),-0.20519567041703082,0.025,0.125,0.0,0.0,0.0,0.0
balloons,HARRIS (lambda=0.5),0.35909242322980395,0.0,0.0,0.0,0.0,0.0,0.0
balloons,HARRIS (lambda=0.75),0.15389675281277312,0.0,0.0,0.0,0.0,0.0,0.0
balloons,HARRIS (lambda=1.0),-0.20519567041703082,0.025,0.125,0.0,0.0,0.0,0.0
bank,AR,0.9746794344808963,0.0,0.0,0.0,0.0,0.0,0.0
bank,MR,0.9746794344808963,0.0,0.0,0.0,0.0,0.0,0.0
bank,Vitórias significativas,0.9999999999999999,0.0,0.0,0.0,0.0,0.0,0.0
bank,Abordagem 1 (regressor sobre P),0.9999999999999999,0.0,0.0,0.0,0.0,0.0,0.0
bank,Abordagem 2 (regressor sobre R),0.8999999999999998,0.0012154696132596898,0.006077348066298449,0.0,0.0,0.0,0.0
bank,HARRIS (lambda=0.0),-0.09999999999999999,0.017900552486187892,0.08342541436464102,0.006077348066298449,0.0,0.0,0.0
bank,HARRIS (lambda=0.25),-0.3,0.019116022099447582,0.08342541436464102,0.006077348066298449,0.006077348066298449,0.0,0.0
bank,HARRIS (lambda=0.5),-0.3,0.019116022099447582,0.08342541436464102,0.006077348066298449,0.006077348066298449,0.0,0.0
bank,HARRIS (lambda=0.75),-0.3,0.019116022099447582,0.08342541436464102,0.006077348066298449,0.006077348066298449,0.0,0.0
bank,HARRIS (lambda=1.0),-0.3,0.019116022099447582,0.08342541436464102,0.006077348066298449,0.006077348066298449,0.0,0.0
blood,AR,0.6,0.004666666666666664,0.023333333333333317,0.0,0.0,0.0,0.0
blood,MR,0.7181848464596079,0.004666666666666664,0.023333333333333317,0.0,0.0,0.0,0.0
blood,Vitórias significativas,0.6,0.004666666666666664,0.023333333333333317,0.0,0.0,0.0,0.0
blood,Abordagem 1 (regressor sobre P),0.6,0.004666666666666664,0.023333333333333317,0.0,0.0,0.0,0.0
blood,Abordagem 2 (regressor sobre R),0.7,0.004666666666666664,0.023333333333333317,0.0,0.0,0.0,0.0
blood,HARRIS (lambda=0.0),0.3,0.005600000000000005,0.028000000000000025,0.0,0.0,0.0,0.0
blood,HARRIS (lambda=0.25),0.3,0.005600000000000005,0.028000000000000025,0.0,0.0,0.0,0.0
blood,HARRIS (lambda=0.5),0.3,0.005600000000000005,0.028000000000000025,0.0,0.0,0.0,0.0
blood,HARRIS (lambda=0.75),0.3,0.005600000000000005,0.028000000000000025,0.0,0.0,0.0,0.0
blood,HARRIS (lambda=1.0),0.3,0.005600000000000005,0.028000000000000025,0.0,0.0,0.0,0.0
car,AR,0.49999999999999994,0.0031791907514451046,0.015895953757225523,0.0,0.0,0.0,0.0
car,MR,0.6155870112510925,0.0,0.0,0.0,0.0,0.0,0.0
car,Vitórias significativas,0.7,0.0,0.0,0.0,0.0,0.0,0.0
car,Abordagem 1 (regressor sobre P),0.7,0.0,0.0,0.0,0.0,0.0,0.0
car,Abordagem 2 (regressor sobre R),0.8999999999999998,0.0,0.0,0.0,0.0,0.0,0.0
car,HARRIS (lambda=0.0),0.19999999999999998,0.0031791907514451046,0.015895953757225523,0.0,0.0,0.0,0.0
car,HARRIS (lambda=0.25),0.19999999999999998,0.0031791907514451046,0.015895953757225523,0.0,0.0,0.0,0.0
car,HARRIS (lambda=0.5),0.09999999999999999,0.0031791907514451046,0.015895953757225523,0.0,0.0,0.0,0.0
car,HARRIS (lambda=0.75),0.39999999999999997,0.0,0.0,0.0,0.0,0.0,0.0
car,HARRIS (lambda=1.0),0.3,0.0,0.0,0.0,0.0,0.0,0.0
contrac,AR,0.7999999999999999,0.004745762711864399,0.023728813559321993,0.0,0.0,0.0,0.0
contrac,MR,0.8720815992723809,0.004745762711864399,0.023728813559321993,0.0,0.0,0.0,0.0
contrac,Vitórias significativas,0.7999999999999999,0.004745762711864399,0.023728813559321993,0.0,0.0,0.0,0.0
contrac,Abordagem 1 (regressor sobre P),0.8999999999999998,0.004745762711864399,0.023728813559321993,0.0,0.0,0.0,0.0
contrac,Abordagem 2 (regressor sobre R),0.49999999999999994,0.004745762711864399,0.023728813559321993,0.0,0.0,0.0,0.0
contrac,HARRIS (lambda=0.0),-0.3,0.016474576271186446,0.08237288135593224,0.0,0.0,0.0,0.0
contrac,HARRIS (lambda=0.25),-0.3,0.016474576271186446,0.08237288135593224,0.0,0.0,0.0,0.0
contrac,HARRIS (lambda=0.5),-0.3,0.016474576271186446,0.08237288135593224,0.0,0.0,0.0,0.0
contrac,HARRIS (lambda=0.75),-0.3,0.016474576271186446,0.08237288135593224,0.0,0.0,0.0,0.0
contrac,HARRIS (lambda=1.0),-0.3,0.016474576271186446,0.08237288135593224,0.0,0.0,0.0,0.0
dermatology,AR,0.8999999999999998,0.0010810810810810922,0.005405405405405461,0.0,0.0,0.0,0.0
dermatology,MR,0.9746794344808963,0.0010810810810810922,0.005405405405405461,0.0,0.0,0.0,0.0
dermatology,Vitórias significativas,0.8999999999999998,0.0010810810810810922,0.005405405405405461,0.0,0.0,0.0,0.0
dermatology,Abordagem 1 (regressor sobre P),0.8999999999999998,0.0010810810810810922,0.005405405405405461,0.0,0.0,0.0,0.0
dermatology,Abordagem 2 (regressor sobre R),0.8999999999999998,0.0010810810810810922,0.005405405405405461,0.0,0.0,0.0,0.0
dermatology,HARRIS (lambda=0.0),0.7999999999999999,0.0,0.0,0.0,0.0,0.0,0.0
dermatology,HARRIS (lambda=0.25),0.6,0.0016216216216216495,0.008108108108108247,0.0,0.0,0.0,0.0
dermatology,HARRIS (lambda=0.5),0.6,0.0016216216216216495,0.008108108108108247,0.0,0.0,0.0,0.0
dermatology,HARRIS (lambda=0.75),0.7999999999999999,0.0,0.0,0.0,0.0,0.0,0.0
dermatology,HARRIS (lambda=1.0),0.7999999999999999,0.0010810810810810922,0.005405405405405461,0.0,0.0,0.0,0.0
echocardiogram,AR,-0.05129891760425771,0.02370370370370365,0.02962962962962956,0.02962962962962956,0.02962962962962956,0.02962962962962956,0.0
echocardiogram,MR,-0.05129891760425771,0.02370370370370365,0.02962962962962956,0.02962962962962956,0.02962962962962956,0.02962962962962956,0.0
echocardiogram,Vitórias significativas,0.0,0.02370370370370365,0.02962962962962956,0.02962962962962956,0.02962962962962956,0.02962962962962956,0.0
echocardiogram,Abordagem 1 (regressor sobre P),0.0,0.02370370370370365,0.02962962962962956,0.02962962962962956,0.02962962962962956,0.02962962962962956,0.0
echocardiogram,Abordagem 2 (regressor sobre R),-0.09999999999999999,0.025185185185185133,0.03703703703703698,0.02962962962962956,0.02962962962962956,0.02962962962962956,0.0
echocardiogram,HARRIS (lambda=0.0),0.8999999999999998,0.0,0.0,0.0,0.0,0.0,0.0
echocardiogram,HARRIS (lambda=0.25),0.7,0.0,0.0,0.0,0.0,0.0,0.0
echocardiogram,HARRIS (lambda=0.5),0.49999999999999994,0.0074074074074073955,0.03703703703703698,0.0,0.0,0.0,0.0
echocardiogram,HARRIS (lambda=0.75),0.49999999999999994,0.0074074074074073955,0.03703703703703698,0.0,0.0,0.0,0.0
echocardiogram,HARRIS (lambda=1.0),0.7,0.0,0.0,0.0,0.0,0.0,0.0
ecoli,AR,0.9746794344808963,0.0,0.0,0.0,0.0,0.0,0.0
ecoli,MR,0.9746794344808963,0.0,0.0,0.0,0.0,0.0,0.0
ecoli,Vitórias significativas,0.9999999999999999,0.0,0.0,0.0,0.0,0.0,0.0
ecoli,Abordagem 1 (regressor sobre P),0.9999999999999999,0.0,0.0,0.0,0.0,0.0,0.0
ecoli,Abordagem 2 (regressor sobre R),0.8999999999999998,0.0,0.0,0.0,0.0,0.0,0.0
ecoli,HARRIS (lambda=0.0),-0.09999999999999999,0.02382352941176471,0.1132352941176471,0.00588235294117645,0.0,0.0,0.0
ecoli,HARRIS (lambda=0.25),0.7999999999999999,0.00117647058823529,0.00588235294117645,0.0,0.0,0.0,0.0
ecoli,HARRIS (lambda=0.5),0.6,0.00235294117647058,0.00588235294117645,0.00588235294117645,0.0,0.0,0.0
ecoli,HARRIS (lambda=0.75),0.7999999999999999,0.00117647058823529,0.00588235294117645,0.0,0.0,0.0,0.0
ecoli,HARRIS (lambda=1.0),0.0,0.02264705882352942,0.1132352941176471,0.0,0.0,0.0,0.0
fertility,AR,0.6,0.007000000000000006,0.03500000000000003,0.0,0.0,0.0,0.0
fertility,MR,0.7181848464596079,0.007000000000000006,0.03500000000000003,0.0,0.0,0.0,0.0
fertility,Vitórias significativas,0.6,0.007000000000000006,0.03500000000000003,0.0,0.0,0.0,0.0
fertility,Abordagem 1 (regressor sobre P),0.6,0.007000000000000006,0.03500000000000003,0.0,0.0,0.0,0.0
fertility,Abordagem 2 (regressor sobre R),0.3,0.007000000000000006,0.03500000000000003,0.0,0.0,0.0,0.0
fertility,HARRIS (lambda=0.0),0.3,0.008999999999999985,0.04499999999999993,0.0,0.0,0.0,0.0
fertility,HARRIS (lambda=0.25),0.7,0.0,0.0,0.0,0.0,0.0,0.0
fertility,HARRIS (lambda=0.5),0.8999999999999998,0.0,0.0,0.0,0.0,0.0,0.0
fertility,HARRIS (lambda=0.75),0.19999999999999998,0.014000000000000012,0.03500000000000003,0.03500000000000003,0.0,0.0,0.0
fertility,HARRIS (lambda=1.0),0.09999999999999999,0.015999999999999993,0.04499999999999993,0.03500000000000003,0.0,0.0,0.0
flags,AR,0.49999999999999994,0.0323076923076923,0.16153846153846152,0.0,0.0,0.0,0.0
flags,MR,0.6155870112510925,0.0,0.0,0.0,0.0,0.0,0.0
flags,Vitórias significativas,0.7,0.0,0.0,0.0,0.0,0.0,0.0
flags,Abordagem 1 (regressor sobre P),0.7,0.0,0.0,0.0,0.0,0.0,0.0
flags,Abordagem 2 (regressor sobre R),0.7,0.0,0.0,0.0,0.0,0.0,0.0
flags,HARRIS (lambda=0.0),0.7,0.0,0.0,0.0,0.0,0.0,0.0
flags,HARRIS (lambda=0.25),0.7,0.0,0.0,0.0,0.0,0.0,0.0
flags,HARRIS (lambda=0.5),0.7,0.0,0.0,0.0,0.0,0.0,0.0
flags,HARRIS (lambda=0.75),0.39999999999999997,0.0,0.0,0.0,0.0,0.0,0.0
flags,HARRIS (lambda=1.0),0.39999999999999997,0.0,0.0,0.0,0.0,0.0,0.0
glass,AR,0.9746794344808963,0.0,0.0,0.0,0.0,0.0,0.0
glass,MR,0.9746794344808963,0.0,0.0,0.0,0.0,0.0,0.0
glass,Vitórias significativas,0.9999999999999999,0.0,0.0,0.0,0.0,0.0,0.0
glass,Abordagem 1 (regressor sobre P),0.9999999999999999,0.0,0.0,0.0,0.0,0.0,0.0
glass,Abordagem 2 (regressor sobre R),0.9999999999999999,0.0,0.0,0.0,0.0,0.0,0.0
glass,HARRIS (lambda=0.0),0.7999999999999999,0.018604651162790708,0.09302325581395354,0.0,0.0,0.0,0.0
glass,HARRIS (lambda=0.25),0.0,0.05581395348837213,0.09302325581395354,0.09302325581395354,0.09302325581395354,0.0,0.0
glass,HARRIS (lambda=0.5),0.0,0.05581395348837213,0.09302325581395354,0.09302325581395354,0.09302325581395354,0.0,0.0
glass,HARRIS (lambda=0.75),-0.09999999999999999,0.08232558139534885,0.3186046511627907,0.09302325581395354,0.0,0.0,0.0
glass,HARRIS (lambda=1.0),-0.09999999999999999,0.08232558139534885,0.3186046511627907,0.09302325581395354,0.0,0.0,0.0
hepatitis,AR,0.7,0.0064516129032258,0.032258064516129004,0.0,0.0,0.0,0.0
hepatitis,MR,0.8207826816681234,0.0064516129032258,0.032258064516129004,0.0,0.0,0.0,0.0
hepatitis,Vitórias significativas,0.7,0.0064516129032258,0.032258064516129004,0.0,0.0,0.0,0.0
hepatitis,Abordagem 1 (regressor sobre P),0.6,0.0064516129032258,0.032258064516129004,0.0,0.0,0.0,0.0
hepatitis,Abordagem 2 (regressor sobre R),0.6,0.0064516129032258,0.032258064516129004,0.0,0.0,0.0,0.0
hepatitis,HARRIS (lambda=0.0),-0.09999999999999999,0.06129032258064515,0.30645161290322576,0.0,0.0,0.0,0.0
hepatitis,HARRIS (lambda=0.25),0.0,0.06129032258064515,0.30645161290322576,0.0,0.0,0.0,0.0
hepatitis,HARRIS (lambda=0.5),-0.09999999999999999,0.06129032258064515,0.30645161290322576,0.0,0.0,0.0,0.0
hepatitis,HARRIS (lambda=0.75),-0.09999999999999999,0.06129032258064515,0.30645161290322576,0.0,0.0,0.0,0.0
hepatitis,HARRIS (lambda=1.0),-0.09999999999999999,0.06129032258064515,0.30645161290322576,0.0,0.0,0.0,0.0
ionosphere,AR,0.49999999999999994,0.0016901408450703981,0.00845070422535199,0.0,0.0,0.0,0.0
ionosphere,MR,0.5642880936468347,0.0016901408450703981,0.00845070422535199,0.0,0.0,0.0,0.0
ionosphere,Vitórias significativas,0.49999999999999994,0.0016901408450703981,0.00845070422535199,0.0,0.0,0.0,0.0
ionosphere,Abordagem 1 (regressor sobre P),0.49999999999999994,0.0016901408450703981,0.00845070422535199,0.0,0.0,0.0,0.0
ionosphere,Abordagem 2 (regressor sobre R),0.6,0.0,0.0,0.0,0.0,0.0,0.0
ionosphere,HARRIS (lambda=0.0),0.39999999999999997,0.0,0.0,0.0,0.0,0.0,0.0
ionosphere,HARRIS (lambda=0.25),0.3,0.0,0.0,0.0,0.0,0.0,0.0
ionosphere,HARRIS (lambda=0.5),0.39999999999999997,0.0,0.0,0.0,0.0,0.0,0.0
ionosphere,HARRIS (lambda=0.75),0.39999999999999997,0.0,0.0,0.0,0.0,0.0,0.0
ionosphere,HARRIS (lambda=1.0),0.49999999999999994,0.0,0.0,0.0,0.0,0.0,0.0
iris,AR,0.19999999999999998,0.005999999999999961,0.029999999999999805,0.0,0.0,0.0,0.0
iris,MR,0.35909242322980395,0.005999999999999961,0.029999999999999805,0.0,0.0,0.0,0.0
iris,Vitórias significativas,0.19999999999999998,0.005999999999999961,0.029999999999999805,0.0,0.0,0.0,0.0
iris,Abordagem 1 (regressor sobre P),0.19999999999999998,0.005999999999999961,0.029999999999999805,0.0,0.0,0.0,0.0
iris,Abordagem 2 (regressor sobre R),0.3,0.007999999999999919,0.029999999999999805,0.009999999999999787,0.0,0.0,0.0
iris,HARRIS (lambda=0.0),0.8999999999999998,0.0,0.0,0.0,0.0,0.0,0.0
iris,HARRIS (lambda=0.25),0.49999999999999994,0.004666666666666641,0.023333333333333206,0.0,0.0,0.0,0.0
iris,HARRIS (lambda=0.5),0.8999999999999998,0.0,0.0,0.0,0.0,0.0,0.0
iris,HARRIS (lambda=0.75),0.8999999999999998,0.0,0.0,0.0,0.0,0.0,0.0
iris,HARRIS (lambda=1.0),0.7,0.004666666666666641,0.023333333333333206,0.0,0.0,0.0,0.0
lenses,AR,-0.22360679774997894,0.02400000000000002,0.040000000000000036,0.040000000000000036,0.040000000000000036,0.0,0.0
lenses,MR,-0.22941573387056177,0.02400000000000002,0.040000000000000036,0.040000000000000036,0.040000000000000036,0.0,0.0
lenses,Vitórias significativas,-0.22360679774997894,0.02400000000000002,0.040000000000000036,0.040000000000000036,0.040000000000000036,0.0,0.0
lenses,Abordagem 1 (regressor sobre P),-0.22360679774997894,0.02400000000000002,0.040000000000000036,0.040000000000000036,0.040000000000000036,0.0,0.0
lenses,Abordagem 2 (regressor sobre R),-0.22360679774997894,0.02400000000000002,0.040000000000000036,0.040000000000000036,0.040000000000000036,0.0,0.0
lenses,HARRIS (lambda=0.0),-0.44721359549995787,0.03200000000000003,0.040000000000000036,0.040000000000000036,0.040000000000000036,0.040000000000000036,0.0
lenses,HARRIS (lambda=0.25),-0.6708203932499368,0.03200000000000003,0.040000000000000036,0.040000000000000036,0.040000000000000036,0.040000000000000036,0.0
lenses,HARRIS (lambda=0.5),-0.6708203932499368,0.03200000000000003,0.040000000000000036,0.040000000000000036,0.040000000000000036,0.040000000000000036,0.0
lenses,HARRIS (lambda=0.75),-0.6708203932499368,0.03200000000000003,0.040000000000000036,0.040000000000000036,0.040000000000000036,0.040000000000000036,0.0
lenses,HARRIS (lambda=1.0),-0.6708203932499368,0.03200000000000003,0.040000000000000036,0.040000000000000036,0.040000000000000036,0.040000000000000036,0.0
libras,AR,0.8999999999999998,0.001388888888888884,0.00694444444444442,0.0,0.0,0.0,0.0
libras,MR,0.9746794344808963,0.001388888888888884,0.00694444444444442,0.0,0.0,0.0,0.0
libras,Vitórias significativas,0.8999999999999998,0.001388888888888884,0.00694444444444442,0.0,0.0,0.0,0.0
libras,Abordagem 1 (regressor sobre P),0.8999999999999998,0.001388888888888884,0.00694444444444442,0.0,0.0,0.0,0.0
libras,Abordagem 2 (regressor sobre R),0.7999999999999999,0.001388888888888884,0.00694444444444442,0.0,0.0,0.0,0.0
libras,HARRIS (lambda=0.0),0.7,0.0,0.0,0.0,0.0,0.0,0.0
libras,HARRIS (lambda=0.25),0.39999999999999997,0.0,0.0,0.0,0.0,0.0,0.0
libras,HARRIS (lambda=0.5),0.8999999999999998,0.0,0.0,0.0,0.0,0.0,0.0
libras,HARRIS (lambda=0.75),0.0,0.030000000000000006,0.15000000000000002,0.0,0.0,0.0,0.0
libras,HARRIS (lambda=1.0),0.0,0.030000000000000006,0.15000000000000002,0.0,0.0,0.0,0.0
lymphography,AR,0.9746794344808963,0.0,0.0,0.0,0.0,0.0,0.0
lymphography,MR,0.9746794344808963,0.0,0.0,0.0,0.0,0.0,0.0
lymphography,Vitórias significativas,0.9999999999999999,0.0,0.0,0.0,0.0,0.0,0.0
lymphography,Abordagem 1 (regressor sobre P),0.9999999999999999,0.0,0.0,0.0,0.0,0.0,0.0
lymphography,Abordagem 2 (regressor sobre R),0.8999999999999998,0.003999999999999981,0.019999999999999907,0.0,0.0,0.0,0.0
lymphography,HARRIS (lambda=0.0),0.19999999999999998,0.007999999999999962,0.019999999999999907,0.019999999999999907,0.0,0.0,0.0
lymphography,HARRIS (lambda=0.25),0.7999999999999999,0.003999999999999981,0.019999999999999907,0.0,0.0,0.0,0.0
lymphography,HARRIS (lambda=0.5),0.7999999999999999,0.003999999999999981,0.019999999999999907,0.0,0.0,0.0,0.0
lymphography,HARRIS (lambda=0.75),0.7999999999999999,0.003999999999999981,0.019999999999999907,0.0,0.0,0.0,0.0
lymphography,HARRIS (lambda=1.0),0.7999999999999999,0.003999999999999981,0.019999999999999907,0.0,0.0,0.0,0.0
mammographic,AR,0.19999999999999998,0.006735751295336767,0.033678756476683835,0.0,0.0,0.0,0.0
mammographic,MR,0.30779350562554625,0.006735751295336767,0.033678756476683835,0.0,0.0,0.0,0.0
mammographic,Vitórias significativas,0.19999999999999998,0.006735751295336767,0.033678756476683835,0.0,0.0,0.0,0.0
mammographic,Abordagem 1 (regressor sobre P),0.19999999999999998,0.006735751295336767,0.033678756476683835,0.0,0.0,0.0,0.0
mammographic,Abordagem 2 (regressor sobre R),0.49999999999999994,0.006735751295336767,0.033678756476683835,0.0,0.0,0.0,0.0
mammographic,HARRIS (lambda=0.0),0.7999999999999999,0.006321243523316045,0.03160621761658022,0.0,0.0,0.0,0.0
mammographic,HARRIS (lambda=0.25),0.8999999999999998,0.006321243523316045,0.03160621761658022,0.0,0.0,0.0,0.0
mammographic,HARRIS (lambda=0.5),0.8999999999999998,0.006321243523316045,0.03160621761658022,0.0,0.0,0.0,0.0
mammographic,HARRIS (lambda=0.75),0.8999999999999998,0.006321243523316045,0.03160621761658022,0.0,0.0,0.0,0.0
mammographic,HARRIS (lambda=1.0),0.8999999999999998,0.006321243523316045,0.03160621761658022,0.0,0.0,0.0,0.0
nursery,AR,0.35909242322980395,0.000995370370370363,0.0016589506172839386,0.0016589506172839386,0.0016589506172839386,0.0,0.0
nursery,MR,0.35909242322980395,0.000995370370370363,0.0016589506172839386,0.0016589506172839386,0.0016589506172839386,0.0,0.0
nursery,Vitórias significativas,0.39999999999999997,0.000995370370370363,0.0016589506172839386,0.0016589506172839386,0.0016589506172839386,0.0,0.0
nursery,Abordagem 1 (regressor sobre P),0.39999999999999997,0.000995370370370363,0.0016589506172839386,0.0016589506172839386,0.0016589506172839386,0.0,0.0
nursery,Abordagem 2 (regressor sobre R),0.7,0.0006635802469135754,0.0016589506172839386,0.0016589506172839386,0.0,0.0,0.0
nursery,HARRIS (lambda=0.0),-0.09999999999999999,0.0013271604938271508,0.0016589506172839386,0.0016589506172839386,0.0016589506172839386,0.0016589506172839386,0.0
nursery,HARRIS (lambda=0.25),0.19999999999999998,0.000995370370370363,0.0016589506172839386,0.0016589506172839386,0.0016589506172839386,0.0,0.0
nursery,HARRIS (lambda=0.5),0.19999999999999998,0.000995370370370363,0.0016589506172839386,0.0016589506172839386,0.0016589506172839386,0.0,0.0
nursery,HARRIS (lambda=0.75),0.19999999999999998,0.000995370370370363,0.0016589506172839386,0.0016589506172839386,0.0016589506172839386,0.0,0.0
nursery,HARRIS (lambda=1.0),0.19999999999999998,0.000995370370370363,0.0016589506172839386,0.0016589506172839386,0.0016589506172839386,0.0,0.0
parkinsons,AR,0.7,0.008205128205128198,0.04102564102564099,0.0,0.0,0.0,0.0
parkinsons,MR,0.8207826816681234,0.0,0.0,0.0,0.0,0.0,0.0
parkinsons,Vitórias significativas,0.8999999999999998,0.0,0.0,0.0,0.0,0.0,0.0
parkinsons,Abordagem 1 (regressor sobre P),0.8999999999999998,0.0,0.0,0.0,0.0,0.0,0.0
parkinsons,Abordagem 2 (regressor sobre R),0.6,0.008205128205128198,0.04102564102564099,0.0,0.0,0.0,0.0
parkinsons,HARRIS (lambda=0.0),0.3,0.008205128205128198,0.04102564102564099,0.0,0.0,0.0,0.0
parkinsons,HARRIS (lambda=0.25),-0.19999999999999998,0.017948717948717906,0.04102564102564099,0.04102564102564099,0.007692307692307554,0.0,0.0
parkinsons,HARRIS (lambda=0.5),-0.39999999999999997,0.05948717948717943,0.2487179487179486,0.04102564102564099,0.007692307692307554,0.0,0.0
parkinsons,HARRIS (lambda=0.75),-0.39999999999999997,0.05948717948717943,0.2487179487179486,0.04102564102564099,0.007692307692307554,0.0,0.0
parkinsons,HARRIS (lambda=1.0),-0.39999999999999997,0.05948717948717943,0.2487179487179486,0.04102564102564099,0.007692307692307554,0.0,0.0
pima,AR,0.6668859288553501,0.0,0.0,0.0,0.0,0.0,0.0
pima,MR,0.6842105263157895,0.0,0.0,0.0,0.0,0.0,0.0
pima,Vitórias significativas,0.6668859288553501,0.0,0.0,0.0,0.0,0.0,0.0
pima,Abordagem 1 (regressor sobre P),0.6668859288553501,0.0,0.0,0.0,0.0,0.0,0.0
pima,Abordagem 2 (regressor sobre R),0.8720815992723809,0.0,0.0,0.0,0.0,0.0,0.0
pima,HARRIS (lambda=0.0),0.6668859288553501,0.0033766233766233666,0.016883116883116833,0.0,0.0,0.0,0.0
pima,HARRIS (lambda=0.25),0.41039134083406165,0.0033766233766233666,0.016883116883116833,0.0,0.0,0.0,0.0
pima,HARRIS (lambda=0.5),0.6668859288553501,0.0033766233766233666,0.016883116883116833,0.0,0.0,0.0,0.0
pima,HARRIS (lambda=0.75),0.6668859288553501,0.0033766233766233666,0.016883116883116833,0.0,0.0,0.0,0.0
pima,HARRIS (lambda=1.0),0.6668859288553501,0.0033766233766233666,0.016883116883116833,0.0,0.0,0.0,0.0
planning,AR,0.6,0.00108108108108107,0.00540540540540535,0.0,0.0,0.0,0.0
planning,MR,0.6668859288553503,0.00108108108108107,0.00540540540540535,0.0,0.0,0.0,0.0
planning,Vitórias significativas,0.6,0.00108108108108107,0.00540540540540535,0.0,0.0,0.0,0.0
planning,Abordagem 1 (regressor sobre P),0.6,0.00108108108108107,0.00540540540540535,0.0,0.0,0.0,0.0
planning,Abordagem 2 (regressor sobre R),0.8999999999999998,0.0,0.0,0.0,0.0,0.0,0.0
planning,HARRIS (lambda=0.0),0.7,0.009729729729729741,0.04864864864864871,0.0,0.0,0.0,0.0
planning,HARRIS (lambda=0.25),0.49999999999999994,0.009729729729729741,0.04864864864864871,0.0,0.0,0.0,0.0
planning,HARRIS (lambda=0.5),0.49999999999999994,0.009729729729729741,0.04864864864864871,0.0,0.0,0.0,0.0
planning,HARRIS (lambda=0.75),0.49999999999999994,0.009729729729729741,0.04864864864864871,0.0,0.0,0.0,0.0
planning,HARRIS (lambda=1.0),0.49999999999999994,0.009729729729729741,0.04864864864864871,0.0,0.0,0.0,0.0
seeds,AR,0.5642880936468347,0.001904761904761898,0.004761904761904745,0.004761904761904745,0.0,0.0,0.0
seeds,MR,0.5642880936468347,0.001904761904761898,0.004761904761904745,0.004761904761904745,0.0,0.0,0.0
seeds,Vitórias significativas,0.6,0.001904761904761898,0.004761904761904745,0.004761904761904745,0.0,0.0,0.0
seeds,Abordagem 1 (regressor sobre P),0.49999999999999994,0.0023809523809523504,0.0071428571428570065,0.004761904761904745,0.0,0.0,0.0
seeds,Abordagem 2 (regressor sobre R),0.7,0.0014285714285714012,0.0071428571428570065,0.0,0.0,0.0,0.0
seeds,HARRIS (lambda=0.0),0.49999999999999994,0.0014285714285714012,0.0071428571428570065,0.0,0.0,0.0,0.0
seeds,HARRIS (lambda=0.25),0.49999999999999994,0.0014285714285714012,0.0071428571428570065,0.0,0.0,0.0,0.0
seeds,HARRIS (lambda=0.5),0.19999999999999998,0.0028571428571428025,0.0071428571428570065,0.0071428571428570065,0.0,0.0,0.0
seeds,HARRIS (lambda=0.75),0.09999999999999999,0.0038095238095237514,0.0071428571428570065,0.0071428571428570065,0.004761904761904745,0.0,0.0
seeds,HARRIS (lambda=1.0),0.19999999999999998,0.0028571428571428025,0.0071428571428570065,0.0071428571428570065,0.0,0.0,0.0
soybean,AR,0.9746794344808963,0.0,0.0,0.0,0.0,0.0,0.0
soybean,MR,0.9746794344808963,0.0,0.0,0.0,0.0,0.0,0.0
soybean,Vitórias significativas,0.9999999999999999,0.0,0.0,0.0,0.0,0.0,0.0
soybean,Abordagem 1 (regressor sobre P),0.9999999999999999,0.0,0.0,0.0,0.0,0.0,0.0
soybean,Abordagem 2 (regressor sobre R),0.9999999999999999,0.0,0.0,0.0,0.0,0.0,0.0
soybean,HARRIS (lambda=0.0),0.7999999999999999,0.0001459854014599138,0.0007299270072995689,0.0,0.0,0.0,0.0
soybean,HARRIS (lambda=0.25),0.0,0.00043795620437974135,0.0007299270072995689,0.0007299270072995689,0.0007299270072995689,0.0,0.0
soybean,HARRIS (lambda=0.5),-0.09999999999999999,0.01781021897810229,0.08832116788321187,0.0007299270072995689,0.0,0.0,0.0
soybean,HARRIS (lambda=0.75),0.8999999999999998,0.0,0.0,0.0,0.0,0.0,0.0
soybean,HARRIS (lambda=1.0),0.19999999999999998,0.0002919708029198276,0.0007299270072995689,0.0007299270072995689,0.0,0.0,0.0
spect,AR,0.6,0.008679245283018866,0.04339622641509433,0.0,0.0,0.0,0.0
spect,MR,0.7181848464596079,0.008679245283018866,0.04339622641509433,0.0,0.0,0.0,0.0
spect,Vitórias significativas,0.6,0.008679245283018866,0.04339622641509433,0.0,0.0,0.0,0.0
spect,Abordagem 1 (regressor sobre P),0.6,0.008679245283018866,0.04339622641509433,0.0,0.0,0.0,0.0
spect,Abordagem 2 (regressor sobre R),0.8999999999999998,0.0,0.0,0.0,0.0,0.0,0.0
spect,HARRIS (lambda=0.0),0.09999999999999999,0.021132075471698108,0.06226415094339621,0.04339622641509433,0.0,0.0,0.0
spect,HARRIS (lambda=0.25),0.09999999999999999,0.021132075471698108,0.06226415094339621,0.04339622641509433,0.0,0.0,0.0
spect,HARRIS (lambda=0.5),0.3,0.012452830188679242,0.06226415094339621,0.0,0.0,0.0,0.0
spect,HARRIS (lambda=0.75),0.3,0.012452830188679242,0.06226415094339621,0.0,0.0,0.0,0.0
spect,HARRIS (lambda=1.0),0.3,0.012452830188679242,0.06226415094339621,0.0,0.0,0.0,0.0
spectf,AR,0.7,0.006666666666666643,0.033333333333333215,0.0,0.0,0.0,0.0
spectf,MR,0.8207826816681234,0.0,0.0,0.0,0.0,0.0,0.0
spectf,Vitórias significativas,0.8999999999999998,0.0,0.0,0.0,0.0,0.0,0.0
spectf,Abordagem 1 (regressor sobre P),0.8999999999999998,0.0,0.0,0.0,0.0,0.0,0.0
spectf,Abordagem 2 (regressor sobre R),0.6,0.006666666666666643,0.033333333333333215,0.0,0.0,0.0,0.0
spectf,HARRIS (lambda=0.0),-0.09999999999999999,0.013333333333333286,0.033333333333333215,0.033333333333333215,0.0,0.0,0.0
spectf,HARRIS (lambda=0.25),0.6,0.006666666666666643,0.033333333333333215,0.0,0.0,0.0,0.0
spectf,HARRIS (lambda=0.5),-0.19999999999999998,0.018888888888888823,0.033333333333333215,0.033333333333333215,0.02777777777777768,0.0,0.0
spectf,HARRIS (lambda=0.75),-0.19999999999999998,0.018888888888888823,0.033333333333333215,0.033333333333333215,0.02777777777777768,0.0,0.0
spectf,HARRIS (lambda=1.0),-0.39999999999999997,0.03222222222222217,0.09999999999999998,0.033333333333333215,0.02777777777777768,0.0,0.0
teaching,AR,0.3,0.009032258064516107,0.04516129032258054,0.0,0.0,0.0,0.0
teaching,MR,0.4103913408340617,0.0,0.0,0.0,0.0,0.0,0.0
teaching,Vitórias significativas,0.49999999999999994,0.0,0.0,0.0,0.0,0.0,0.0
teaching,Abordagem 1 (regressor sobre P),0.49999999999999994,0.0,0.0,0.0,0.0,0.0,0.0
teaching,Abordagem 2 (regressor sobre R),0.3,0.009032258064516107,0.04516129032258054,0.0,0.0,0.0,0.0
teaching,HARRIS (lambda=0.0),0.0,0.01870967741935481,0.09354838709677404,0.0,0.0,0.0,0.0
teaching,HARRIS (lambda=0.25),0.0,0.01870967741935481,0.09354838709677404,0.0,0.0,0.0,0.0
teaching,HARRIS (lambda=0.5),-0.19999999999999998,0.027741935483870918,0.09354838709677404,0.04516129032258054,0.0,0.0,0.0
teaching,HARRIS (lambda=0.75),-0.19999999999999998,0.027741935483870918,0.09354838709677404,0.04516129032258054,0.0,0.0,0.0
teaching,HARRIS (lambda=1.0),-0.19999999999999998,0.027741935483870918,0.09354838709677404,0.04516129032258054,0.0,0.0,0.0
titanic,AR,0.15389675281277312,0.00040816326530608294,0.0006802721088434716,0.0006802721088434716,0.0006802721088434716,0.0,0.0
titanic,MR,0.15389675281277312,0.00040816326530608294,0.0006802721088434716,0.0006802721088434716,0.0006802721088434716,0.0,0.0
titanic,Vitórias significativas,0.19999999999999998,0.00040816326530608294,0.0006802721088434716,0.0006802721088434716,0.0006802721088434716,0.0,0.0
titanic,Abordagem 1 (regressor sobre P),0.6,0.0002721088435373886,0.0006802721088434716,0.0006802721088434716,0.0,0.0,0.0
titanic,Abordagem 2 (regressor sobre R),-0.19999999999999998,0.0014512471655328207,0.005215419501133689,0.0006802721088434716,0.0006802721088434716,0.0006802721088434716,0.0
titanic,HARRIS (lambda=0.0),-0.39999999999999997,0.004217687074829879,0.014512471655328762,0.005215419501133689,0.0006802721088434716,0.0006802721088434716,0.0
titanic,HARRIS (lambda=0.25),-0.39999999999999997,0.004217687074829879,0.014512471655328762,0.005215419501133689,0.0006802721088434716,0.0006802721088434716,0.0
titanic,HARRIS (lambda=0.5),-0.3,0.0033106575963718354,0.014512471655328762,0.0006802721088434716,0.0006802721088434716,0.0006802721088434716,0.0
titanic,HARRIS (lambda=0.75),-0.39999999999999997,0.004217687074829879,0.014512471655328762,0.005215419501133689,0.0006802721088434716,0.0006802721088434716,0.0
titanic,HARRIS (lambda=1.0),-0.39999999999999997,0.004217687074829879,0.014512471655328762,0.005215419501133689,0.0006802721088434716,0.0006802721088434716,0.0
trains,AR,0.8207826816681233,0.009999999999999986,0.04999999999999993,0.0,0.0,0.0,0.0
trains,MR,0.9210526315789475,0.009999999999999986,0.04999999999999993,0.0,0.0,0.0,0.0
trains,Vitórias significativas,0.8207826816681233,0.009999999999999986,0.04999999999999993,0.0,0.0,0.0,0.0
trains,Abordagem 1 (regressor sobre P),0.8207826816681233,0.009999999999999986,0.04999999999999993,0.0,0.0,0.0,0.0
trains,Abordagem 2 (regressor sobre R),0.9746794344808964,0.0,0.0,0.0,0.0,0.0,0.0
trains,HARRIS (lambda=0.0),-0.20519567041703082,0.06999999999999998,0.29999999999999993,0.04999999999999993,0.0,0.0,0.0
trains,HARRIS (lambda=0.25),-0.20519567041703082,0.06999999999999998,0.29999999999999993,0.04999999999999993,0.0,0.0,0.0
trains,HARRIS (lambda=0.5),-0.051298917604257706,0.059999999999999984,0.29999999999999993,0.0,0.0,0.0,0.0
trains,HARRIS (lambda=0.75),-0.051298917604257706,0.059999999999999984,0.29999999999999993,0.0,0.0,0.0,0.0
trains,HARRIS (lambda=1.0),-0.051298917604257706,0.059999999999999984,0.29999999999999993,0.0,0.0,0.0,0.0
