Dataset,DT,RF,SVM,NB,KNN,Best
annealing,0.953888888888889,0.9583333333333334,0.8527777777777779,0.538888888888889,0.8788888888888889,RF
balloons,0.6,0.625,0.65,0.525,0.65,SVM
bank,0.8630939226519336,0.9002209944751381,0.8941436464088397,0.8167955801104971,0.8924861878453039,RF
blood,0.7193333333333334,0.7393333333333334,0.7626666666666667,0.7346666666666667,0.7526666666666667,SVM
car,0.9803468208092486,0.9843930635838151,0.9684971098265895,0.6919075144508671,0.9355491329479768,RF
contrac,0.495593220338983,0.5257627118644068,0.5494915254237288,0.4671186440677966,0.4786440677966102,SVM
dermatology,0.9567567567567569,0.9743243243243244,0.9797297297297298,0.8702702702702704,0.9716216216216216,SVM
echocardiogram,0.7444444444444445,0.8444444444444444,0.837037037037037,0.874074074074074,0.8148148148148149,NB
ecoli,0.7955882352941177,0.8941176470588236,0.8882352941176471,0.7808823529411765,0.8735294117647058,RF
fertility,0.775,0.865,0.9,0.8550000000000001,0.89,SVM
flags,0.5564102564102564,0.6820512820512821,0.5205128205128206,0.2641025641025641,0.47435897435897434,RF
glass,0.6744186046511628,0.8255813953488372,0.7325581395348837,0.5069767441860465,0.6813953488372093,RF
hepatitis,0.7645161290322581,0.8225806451612904,0.8548387096774194,0.5483870967741936,0.835483870967742,SVM
ionosphere,0.8901408450704226,0.9366197183098592,0.9450704225352112,0.8915492957746478,0.8647887323943662,SVM
iris,0.9266666666666667,0.9366666666666668,0.9666666666666666,0.9433333333333334,0.9566666666666667,SVM
lenses,0.8800000000000001,0.8400000000000001,0.8400000000000001,0.8400000000000001,0.72,DT
libras,0.6819444444444445,0.8055555555555556,0.8125,0.6625,0.7458333333333333,SVM
lymphography,0.78,0.8666666666666666,0.8466666666666667,0.76,0.8366666666666667,RF
mammographic,0.7549222797927462,0.7917098445595855,0.8253886010362693,0.7937823834196891,0.7854922279792745,SVM
nursery,0.997800925925926,0.9961419753086419,0.9795910493827161,0.7241898148148148,0.9648919753086419,DT
parkinsons,0.841025641025641,0.9076923076923077,0.8666666666666666,0.658974358974359,0.9,RF
pima,0.7038961038961039,0.7694805194805194,0.7694805194805194,0.7525974025974026,0.7279220779220779,RF
planning,0.5567567567567567,0.6972972972972974,0.7027027027027027,0.654054054054054,0.5837837837837838,SVM
seeds,0.8880952380952382,0.9333333333333332,0.930952380952381,0.9166666666666666,0.9380952380952381,KNN
soybean,0.8956204379562044,0.9401459854014599,0.9394160583941605,0.8518248175182481,0.9029197080291971,RF
spect,0.6094339622641509,0.6622641509433962,0.7056603773584905,0.6433962264150943,0.6679245283018868,SVM
spectf,0.7666666666666667,0.861111111111111,0.8277777777777778,0.7611111111111111,0.8333333333333334,RF
teaching,0.632258064516129,0.6419354838709677,0.5967741935483871,0.5483870967741936,0.5161290322580645,RF
titanic,0.7854875283446712,0.7848072562358277,0.7802721088435375,0.7709750566893424,0.7517006802721088,DT
trains,0.6,0.8,0.85,0.55,0.8,SVM
