dataset,algoritmo,fold,accuracy
annealing,DT,1,0.9611111111111111
annealing,RF,1,0.95
annealing,SVM,1,0.8833333333333333
annealing,NB,1,0.5611111111111111
annealing,KNN,1,0.8944444444444445
annealing,DT,2,0.9833333333333333
annealing,RF,2,0.9666666666666667
annealing,SVM,2,0.8555555555555555
annealing,NB,2,0.5
annealing,KNN,2,0.8833333333333333
annealing,DT,3,0.9444444444444444
annealing,RF,3,0.9555555555555556
annealing,SVM,3,0.85
annealing,NB,3,0.5111111111111111
annealing,KNN,3,0.8722222222222222
annealing,DT,4,0.9444444444444444
annealing,RF,4,0.9666666666666667
annealing,SVM,4,0.8666666666666667
annealing,NB,4,0.5277777777777778
annealing,KNN,4,0.85
annealing,DT,5,0.9611111111111111
annealing,RF,5,0.9722222222222222
annealing,SVM,5,0.8388888888888889
annealing,NB,5,0.55
annealing,KNN,5,0.9111111111111111
annealing,DT,6,0.9611111111111111
annealing,RF,6,0.9555555555555556
annealing,SVM,6,0.85
annealing,NB,6,0.5666666666666667
annealing,KNN,6,0.8777777777777778
annealing,DT,7,0.9388888888888889
annealing,RF,7,0.9555555555555556
annealing,SVM,7,0.8444444444444444
annealing,NB,7,0.5111111111111111
annealing,KNN,7,0.9055555555555556
annealing,DT,8,0.9388888888888889
annealing,RF,8,0.95
annealing,SVM,8,0.85
annealing,NB,8,0.5222222222222223
annealing,KNN,8,0.9
annealing,DT,9,0.9611111111111111
annealing,RF,9,0.9666666666666667
annealing,SVM,9,0.85
annealing,NB,9,0.5722222222222222
annealing,KNN,9,0.8388888888888889
annealing,DT,10,0.9444444444444444
annealing,RF,10,0.9444444444444444
annealing,SVM,10,0.8388888888888889
annealing,NB,10,0.5666666666666667
annealing,KNN,10,0.8555555555555555
balloons,DT,1,0.75
balloons,RF,1,0.5
balloons,SVM,1,0.5
balloons,NB,1,0.25
balloons,KNN,1,0.5
balloons,DT,2,0.25
balloons,RF,2,0.25
balloons,SVM,2,0.5
balloons,NB,2,0.25
balloons,KNN,2,0.25
balloons,DT,3,0.75
balloons,RF,3,0.75
balloons,SVM,3,0.5
balloons,NB,3,0.5
balloons,KNN,3,0.5
balloons,DT,4,0.5
balloons,RF,4,0.5
balloons,SVM,4,0.5
balloons,NB,4,0.5
balloons,KNN,4,0.5
balloons,DT,5,1.0
balloons,RF,5,1.0
balloons,SVM,5,0.75
balloons,NB,5,0.75
balloons,KNN,5,0.75
balloons,DT,6,0.75
balloons,RF,6,0.5
balloons,SVM,6,0.75
balloons,NB,6,0.5
balloons,KNN,6,0.75
balloons,DT,7,0.75
balloons,RF,7,1.0
balloons,SVM,7,1.0
balloons,NB,7,0.5
balloons,KNN,7,1.0
balloons,DT,8,0.25
balloons,RF,8,0.75
balloons,SVM,8,0.5
balloons,NB,8,0.75
balloons,KNN,8,0.75
balloons,DT,9,0.75
balloons,RF,9,0.75
balloons,SVM,9,1.0
balloons,NB,9,1.0
balloons,KNN,9,1.0
balloons,DT,10,0.25
balloons,RF,10,0.25
balloons,SVM,10,0.5
balloons,NB,10,0.25
balloons,KNN,10,0.5
bank,DT,1,0.8552486187845304
bank,RF,1,0.8917127071823204
bank,SVM,1,0.8861878453038674
bank,NB,1,0.8209944751381215
bank,KNN,1,0.8906077348066298
bank,DT,2,0.8497237569060774
bank,RF,2,0.8939226519337017
bank,SVM,2,0.8928176795580111
bank,NB,2,0.7977900552486188
bank,KNN,2,0.8950276243093923
bank,DT,3,0.8662983425414365
bank,RF,3,0.901657458563536
bank,SVM,3,0.8950276243093923
bank,NB,3,0.8165745856353591
bank,KNN,3,0.8972375690607735
bank,DT,4,0.8651933701657458
bank,RF,4,0.8961325966850828
bank,SVM,4,0.8928176795580111
bank,NB,4,0.8121546961325967
bank,KNN,4,0.8895027624309392
bank,DT,5,0.8574585635359117
bank,RF,5,0.8961325966850828
bank,SVM,5,0.9005524861878453
bank,NB,5,0.8044198895027624
bank,KNN,5,0.8972375690607735
bank,DT,6,0.8674033149171271
bank,RF,6,0.8972375690607735
bank,SVM,6,0.8928176795580111
bank,NB,6,0.8165745856353591
bank,KNN,6,0.8828729281767956
bank,DT,7,0.8696132596685083
bank,RF,7,0.9082872928176795
bank,SVM,7,0.8994475138121547
bank,NB,7,0.8287292817679558
bank,KNN,7,0.8895027624309392
bank,DT,8,0.8729281767955801
bank,RF,8,0.9093922651933701
bank,SVM,8,0.8895027624309392
bank,NB,8,0.825414364640884
bank,KNN,8,0.8961325966850828
bank,DT,9,0.861878453038674
bank,RF,9,0.912707182320442
bank,SVM,9,0.9027624309392265
bank,NB,9,0.8419889502762431
bank,KNN,9,0.8961325966850828
bank,DT,10,0.8651933701657458
bank,RF,10,0.8950276243093923
bank,SVM,10,0.8895027624309392
bank,NB,10,0.8033149171270718
bank,KNN,10,0.8906077348066298
blood,DT,1,0.7266666666666667
blood,RF,1,0.7466666666666667
blood,SVM,1,0.7666666666666667
blood,NB,1,0.76
blood,KNN,1,0.7666666666666667
blood,DT,2,0.7133333333333334
blood,RF,2,0.7133333333333334
blood,SVM,2,0.7733333333333333
blood,NB,2,0.78
blood,KNN,2,0.7466666666666667
blood,DT,3,0.7533333333333333
blood,RF,3,0.7333333333333333
blood,SVM,3,0.7933333333333333
blood,NB,3,0.7866666666666666
blood,KNN,3,0.7733333333333333
blood,DT,4,0.74
blood,RF,4,0.78
blood,SVM,4,0.76
blood,NB,4,0.7533333333333333
blood,KNN,4,0.78
blood,DT,5,0.6666666666666666
blood,RF,5,0.6933333333333334
blood,SVM,5,0.7066666666666667
blood,NB,5,0.7
blood,KNN,5,0.66
blood,DT,6,0.72
blood,RF,6,0.7466666666666667
blood,SVM,6,0.7666666666666667
blood,NB,6,0.7266666666666667
blood,KNN,6,0.7733333333333333
blood,DT,7,0.7533333333333333
blood,RF,7,0.7733333333333333
blood,SVM,7,0.7533333333333333
blood,NB,7,0.68
blood,KNN,7,0.78
blood,DT,8,0.7
blood,RF,8,0.7133333333333334
blood,SVM,8,0.7333333333333333
blood,NB,8,0.7
blood,KNN,8,0.7466666666666667
blood,DT,9,0.7266666666666667
blood,RF,9,0.7666666666666667
blood,SVM,9,0.78
blood,NB,9,0.7066666666666667
blood,KNN,9,0.74
blood,DT,10,0.6933333333333334
blood,RF,10,0.7266666666666667
blood,SVM,10,0.7933333333333333
blood,NB,10,0.7533333333333333
blood,KNN,10,0.76
car,DT,1,0.9913294797687862
car,RF,1,0.9971098265895953
car,SVM,1,0.9797687861271677
car,NB,1,0.6763005780346821
car,KNN,1,0.9190751445086706
car,DT,2,0.9710982658959537
car,RF,2,0.9739884393063584
car,SVM,2,0.9653179190751445
car,NB,2,0.708092485549133
car,KNN,2,0.9364161849710982
car,DT,3,0.9797687861271677
car,RF,3,0.9797687861271677
car,SVM,3,0.976878612716763
car,NB,3,0.7167630057803468
car,KNN,3,0.953757225433526
car,DT,4,0.9855491329479769
car,RF,4,0.9855491329479769
car,SVM,4,0.9710982658959537
car,NB,4,0.6791907514450867
car,KNN,4,0.9450867052023122
car,DT,5,0.976878612716763
car,RF,5,0.9913294797687862
car,SVM,5,0.9710982658959537
car,NB,5,0.6907514450867052
car,KNN,5,0.9479768786127167
car,DT,6,0.9739884393063584
car,RF,6,0.9797687861271677
car,SVM,6,0.9566473988439307
car,NB,6,0.653179190751445
car,KNN,6,0.9393063583815029
car,DT,7,0.9913294797687862
car,RF,7,0.9913294797687862
car,SVM,7,0.9595375722543352
car,NB,7,0.7312138728323699
car,KNN,7,0.9450867052023122
car,DT,8,0.9739884393063584
car,RF,8,0.9797687861271677
car,SVM,8,0.9595375722543352
car,NB,8,0.6936416184971098
car,KNN,8,0.8959537572254336
car,DT,9,0.9739884393063584
car,RF,9,0.9826589595375722
car,SVM,9,0.9739884393063584
car,NB,9,0.6734104046242775
car,KNN,9,0.9277456647398844
car,DT,10,0.9855491329479769
car,RF,10,0.9826589595375722
car,SVM,10,0.9710982658959537
car,NB,10,0.6965317919075145
car,KNN,10,0.9450867052023122
contrac,DT,1,0.46779661016949153
contrac,RF,1,0.5084745762711864
contrac,SVM,1,0.5389830508474577
contrac,NB,1,0.48135593220338985
contrac,KNN,1,0.4847457627118644
contrac,DT,2,0.5220338983050847
contrac,RF,2,0.5525423728813559
contrac,SVM,2,0.5898305084745763
contrac,NB,2,0.48135593220338985
contrac,KNN,2,0.48135593220338985
contrac,DT,3,0.4610169491525424
contrac,RF,3,0.4847457627118644
contrac,SVM,3,0.49491525423728816
contrac,NB,3,0.43389830508474575
contrac,KNN,3,0.4542372881355932
contrac,DT,4,0.47796610169491527
contrac,RF,4,0.5389830508474577
contrac,SVM,4,0.6271186440677966
contrac,NB,4,0.47796610169491527
contrac,KNN,4,0.488135593220339
contrac,DT,5,0.5016949152542373
contrac,RF,5,0.5220338983050847
contrac,SVM,5,0.5559322033898305
contrac,NB,5,0.4711864406779661
contrac,KNN,5,0.5050847457627119
contrac,DT,6,0.511864406779661
contrac,RF,6,0.5186440677966102
contrac,SVM,6,0.5186440677966102
contrac,NB,6,0.41694915254237286
contrac,KNN,6,0.4711864406779661
contrac,DT,7,0.5084745762711864
contrac,RF,7,0.5559322033898305
contrac,SVM,7,0.5627118644067797
contrac,NB,7,0.4610169491525424
contrac,KNN,7,0.5050847457627119
contrac,DT,8,0.5016949152542373
contrac,RF,8,0.5661016949152542
contrac,SVM,8,0.535593220338983
contrac,NB,8,0.46440677966101696
contrac,KNN,8,0.48135593220338985
contrac,DT,9,0.5152542372881356
contrac,RF,9,0.49830508474576274
contrac,SVM,9,0.5525423728813559
contrac,NB,9,0.5186440677966102
contrac,KNN,9,0.47796610169491527
contrac,DT,10,0.488135593220339
contrac,RF,10,0.511864406779661
contrac,SVM,10,0.5186440677966102
contrac,NB,10,0.46440677966101696
contrac,KNN,10,0.43728813559322033
dermatology,DT,1,0.9324324324324325
dermatology,RF,1,0.9594594594594594
dermatology,SVM,1,0.972972972972973
dermatology,NB,1,0.8648648648648649
dermatology,KNN,1,0.918918918918919
dermatology,DT,2,0.972972972972973
dermatology,RF,2,0.9864864864864865
dermatology,SVM,2,1.0
dermatology,NB,2,0.8513513513513513
dermatology,KNN,2,1.0
dermatology,DT,3,0.972972972972973
dermatology,RF,3,0.9594594594594594
dermatology,SVM,3,0.972972972972973
dermatology,NB,3,0.9054054054054054
dermatology,KNN,3,0.9864864864864865
dermatology,DT,4,0.972972972972973
dermatology,RF,4,0.972972972972973
dermatology,SVM,4,0.972972972972973
dermatology,NB,4,0.8648648648648649
dermatology,KNN,4,0.9864864864864865
dermatology,DT,5,0.972972972972973
dermatology,RF,5,0.9594594594594594
dermatology,SVM,5,0.972972972972973
dermatology,NB,5,0.8648648648648649
dermatology,KNN,5,0.972972972972973
dermatology,DT,6,0.9324324324324325
dermatology,RF,6,0.9864864864864865
dermatology,SVM,6,0.9864864864864865
dermatology,NB,6,0.8783783783783784
dermatology,KNN,6,0.972972972972973
dermatology,DT,7,0.9324324324324325
dermatology,RF,7,0.9594594594594594
dermatology,SVM,7,0.972972972972973
dermatology,NB,7,0.8378378378378378
dermatology,KNN,7,0.9594594594594594
dermatology,DT,8,0.9459459459459459
dermatology,RF,8,0.9864864864864865
dermatology,SVM,8,0.9864864864864865
dermatology,NB,8,0.8783783783783784
dermatology,KNN,8,0.972972972972973
dermatology,DT,9,0.972972972972973
dermatology,RF,9,0.972972972972973
dermatology,SVM,9,0.972972972972973
dermatology,NB,9,0.8783783783783784
dermatology,KNN,9,0.9594594594594594
dermatology,DT,10,0.9594594594594594
dermatology,RF,10,1.0
dermatology,SVM,10,0.9864864864864865
dermatology,NB,10,0.8783783783783784
dermatology,KNN,10,0.9864864864864865
echocardiogram,DT,1,0.7037037037037037
echocardiogram,RF,1,0.8518518518518519
echocardiogram,SVM,1,0.8888888888888888
echocardiogram,NB,1,0.8888888888888888
echocardiogram,KNN,1,0.8518518518518519
echocardiogram,DT,2,0.6666666666666666
echocardiogram,RF,2,0.8148148148148148
echocardiogram,SVM,2,0.8888888888888888
echocardiogram,NB,2,0.8888888888888888
echocardiogram,KNN,2,0.8148148148148148
echocardiogram,DT,3,0.6666666666666666
echocardiogram,RF,3,0.8148148148148148
echocardiogram,SVM,3,0.7407407407407407
echocardiogram,NB,3,0.7777777777777778
echocardiogram,KNN,3,0.7777777777777778
echocardiogram,DT,4,0.7037037037037037
echocardiogram,RF,4,0.8148148148148148
echocardiogram,SVM,4,0.8148148148148148
echocardiogram,NB,4,0.8148148148148148
echocardiogram,KNN,4,0.8148148148148148
echocardiogram,DT,5,0.7777777777777778
echocardiogram,RF,5,0.8518518518518519
echocardiogram,SVM,5,0.8518518518518519
echocardiogram,NB,5,0.9259259259259259
echocardiogram,KNN,5,0.8518518518518519
echocardiogram,DT,6,0.6666666666666666
echocardiogram,RF,6,0.7777777777777778
echocardiogram,SVM,6,0.7777777777777778
echocardiogram,NB,6,0.8518518518518519
echocardiogram,KNN,6,0.7407407407407407
echocardiogram,DT,7,0.8148148148148148
echocardiogram,RF,7,0.9629629629629629
echocardiogram,SVM,7,0.8518518518518519
echocardiogram,NB,7,0.9259259259259259
echocardiogram,KNN,7,0.8148148148148148
echocardiogram,DT,8,0.7777777777777778
echocardiogram,RF,8,0.8888888888888888
echocardiogram,SVM,8,0.8518518518518519
echocardiogram,NB,8,0.8888888888888888
echocardiogram,KNN,8,0.8518518518518519
echocardiogram,DT,9,0.8518518518518519
echocardiogram,RF,9,0.8888888888888888
echocardiogram,SVM,9,0.8518518518518519
echocardiogram,NB,9,0.8888888888888888
echocardiogram,KNN,9,0.8148148148148148
echocardiogram,DT,10,0.8148148148148148
echocardiogram,RF,10,0.7777777777777778
echocardiogram,SVM,10,0.8518518518518519
echocardiogram,NB,10,0.8888888888888888
echocardiogram,KNN,10,0.8148148148148148
ecoli,DT,1,0.7794117647058824
ecoli,RF,1,0.8529411764705882
ecoli,SVM,1,0.8529411764705882
ecoli,NB,1,0.7647058823529411
ecoli,KNN,1,0.8676470588235294
ecoli,DT,2,0.8529411764705882
ecoli,RF,2,0.9558823529411765
ecoli,SVM,2,0.9264705882352942
ecoli,NB,2,0.7941176470588235
ecoli,KNN,2,0.8823529411764706
ecoli,DT,3,0.7794117647058824
ecoli,RF,3,0.9264705882352942
ecoli,SVM,3,0.8970588235294118
ecoli,NB,3,0.7794117647058824
ecoli,KNN,3,0.8823529411764706
ecoli,DT,4,0.7941176470588235
ecoli,RF,4,0.8382352941176471
ecoli,SVM,4,0.8529411764705882
ecoli,NB,4,0.7352941176470589
ecoli,KNN,4,0.8676470588235294
ecoli,DT,5,0.7647058823529411
ecoli,RF,5,0.9411764705882353
ecoli,SVM,5,0.9264705882352942
ecoli,NB,5,0.8088235294117647
ecoli,KNN,5,0.8970588235294118
ecoli,DT,6,0.7794117647058824
ecoli,RF,6,0.8382352941176471
ecoli,SVM,6,0.9117647058823529
ecoli,NB,6,0.7794117647058824
ecoli,KNN,6,0.8676470588235294
ecoli,DT,7,0.7647058823529411
ecoli,RF,7,0.8823529411764706
ecoli,SVM,7,0.8382352941176471
ecoli,NB,7,0.8088235294117647
ecoli,KNN,7,0.8235294117647058
ecoli,DT,8,0.8382352941176471
ecoli,RF,8,0.9558823529411765
ecoli,SVM,8,0.9411764705882353
ecoli,NB,8,0.8235294117647058
ecoli,KNN,8,0.8823529411764706
ecoli,DT,9,0.7941176470588235
ecoli,RF,9,0.8676470588235294
ecoli,SVM,9,0.8676470588235294
ecoli,NB,9,0.75
ecoli,KNN,9,0.8823529411764706
ecoli,DT,10,0.8088235294117647
ecoli,RF,10,0.8823529411764706
ecoli,SVM,10,0.8676470588235294
ecoli,NB,10,0.7647058823529411
ecoli,KNN,10,0.8823529411764706
fertility,DT,1,0.9
fertility,RF,1,0.9
fertility,SVM,1,0.9
fertility,NB,1,0.9
fertility,KNN,1,0.9
fertility,DT,2,0.75
fertility,RF,2,0.8
fertility,SVM,2,0.9
fertility,NB,2,0.9
fertility,KNN,2,0.9
fertility,DT,3,0.7
fertility,RF,3,0.9
fertility,SVM,3,0.9
fertility,NB,3,0.9
fertility,KNN,3,0.85
fertility,DT,4,0.7
fertility,RF,4,0.85
fertility,SVM,4,0.9
fertility,NB,4,0.75
fertility,KNN,4,0.85
fertility,DT,5,0.8
fertility,RF,5,0.85
fertility,SVM,5,0.9
fertility,NB,5,0.9
fertility,KNN,5,0.9
fertility,DT,6,0.85
fertility,RF,6,0.9
fertility,SVM,6,0.9
fertility,NB,6,0.85
fertility,KNN,6,0.85
fertility,DT,7,0.75
fertility,RF,7,0.85
fertility,SVM,7,0.9
fertility,NB,7,0.8
fertility,KNN,7,0.9
fertility,DT,8,0.8
fertility,RF,8,0.85
fertility,SVM,8,0.9
fertility,NB,8,0.85
fertility,KNN,8,0.95
fertility,DT,9,0.7
fertility,RF,9,0.85
fertility,SVM,9,0.9
fertility,NB,9,0.85
fertility,KNN,9,0.9
fertility,DT,10,0.8
fertility,RF,10,0.9
fertility,SVM,10,0.9
fertility,NB,10,0.85
fertility,KNN,10,0.9
flags,DT,1,0.48717948717948717
flags,RF,1,0.6666666666666666
flags,SVM,1,0.5128205128205128
flags,NB,1,0.2564102564102564
flags,KNN,1,0.48717948717948717
flags,DT,2,0.5641025641025641
flags,RF,2,0.6410256410256411
flags,SVM,2,0.46153846153846156
flags,NB,2,0.2564102564102564
flags,KNN,2,0.4358974358974359
flags,DT,3,0.5641025641025641
flags,RF,3,0.6410256410256411
flags,SVM,3,0.46153846153846156
flags,NB,3,0.23076923076923078
flags,KNN,3,0.41025641025641024
flags,DT,4,0.6153846153846154
flags,RF,4,0.717948717948718
flags,SVM,4,0.5641025641025641
flags,NB,4,0.23076923076923078
flags,KNN,4,0.5641025641025641
flags,DT,5,0.41025641025641024
flags,RF,5,0.717948717948718
flags,SVM,5,0.6410256410256411
flags,NB,5,0.28205128205128205
flags,KNN,5,0.5128205128205128
flags,DT,6,0.5641025641025641
flags,RF,6,0.5641025641025641
flags,SVM,6,0.41025641025641024
flags,NB,6,0.2564102564102564
flags,KNN,6,0.38461538461538464
flags,DT,7,0.4358974358974359
flags,RF,7,0.6410256410256411
flags,SVM,7,0.4358974358974359
flags,NB,7,0.2564102564102564
flags,KNN,7,0.5128205128205128
flags,DT,8,0.5128205128205128
flags,RF,8,0.7435897435897436
flags,SVM,8,0.5128205128205128
flags,NB,8,0.20512820512820512
flags,KNN,8,0.46153846153846156
flags,DT,9,0.6923076923076923
flags,RF,9,0.6923076923076923
flags,SVM,9,0.5384615384615384
flags,NB,9,0.3333333333333333
flags,KNN,9,0.4358974358974359
flags,DT,10,0.717948717948718
flags,RF,10,0.7948717948717948
flags,SVM,10,0.6666666666666666
flags,NB,10,0.3333333333333333
flags,KNN,10,0.5384615384615384
glass,DT,1,0.6976744186046512
glass,RF,1,0.8372093023255814
glass,SVM,1,0.7209302325581395
glass,NB,1,0.5116279069767442
glass,KNN,1,0.7209302325581395
glass,DT,2,0.7441860465116279
glass,RF,2,0.8837209302325582
glass,SVM,2,0.7674418604651163
glass,NB,2,0.4883720930232558
glass,KNN,2,0.7906976744186046
glass,DT,3,0.627906976744186
glass,RF,3,0.813953488372093
glass,SVM,3,0.7906976744186046
glass,NB,3,0.4883720930232558
glass,KNN,3,0.7674418604651163
glass,DT,4,0.6511627906976745
glass,RF,4,0.7441860465116279
glass,SVM,4,0.6046511627906976
glass,NB,4,0.5116279069767442
glass,KNN,4,0.5581395348837209
glass,DT,5,0.6744186046511628
glass,RF,5,0.8372093023255814
glass,SVM,5,0.7441860465116279
glass,NB,5,0.5581395348837209
glass,KNN,5,0.627906976744186
glass,DT,6,0.7209302325581395
glass,RF,6,0.7906976744186046
glass,SVM,6,0.6744186046511628
glass,NB,6,0.5116279069767442
glass,KNN,6,0.6511627906976745
glass,DT,7,0.6744186046511628
glass,RF,7,0.8372093023255814
glass,SVM,7,0.6976744186046512
glass,NB,7,0.5116279069767442
glass,KNN,7,0.627906976744186
glass,DT,8,0.6976744186046512
glass,RF,8,0.813953488372093
glass,SVM,8,0.7906976744186046
glass,NB,8,0.5581395348837209
glass,KNN,8,0.7441860465116279
glass,DT,9,0.6976744186046512
glass,RF,9,0.8837209302325582
glass,SVM,9,0.7441860465116279
glass,NB,9,0.5581395348837209
glass,KNN,9,0.6976744186046512
glass,DT,10,0.5581395348837209
glass,RF,10,0.813953488372093
glass,SVM,10,0.7906976744186046
glass,NB,10,0.37209302325581395
glass,KNN,10,0.627906976744186
hepatitis,DT,1,0.7419354838709677
hepatitis,RF,1,0.7741935483870968
hepatitis,SVM,1,0.8709677419354839
hepatitis,NB,1,0.45161290322580644
hepatitis,KNN,1,0.8387096774193549
hepatitis,DT,2,0.8387096774193549
hepatitis,RF,2,0.8387096774193549
hepatitis,SVM,2,0.8387096774193549
hepatitis,NB,2,0.6451612903225806
hepatitis,KNN,2,0.8387096774193549
hepatitis,DT,3,0.7096774193548387
hepatitis,RF,3,0.8064516129032258
hepatitis,SVM,3,0.8387096774193549
hepatitis,NB,3,0.5806451612903226
hepatitis,KNN,3,0.8387096774193549
hepatitis,DT,4,0.7419354838709677
hepatitis,RF,4,0.8709677419354839
hepatitis,SVM,4,0.8387096774193549
hepatitis,NB,4,0.5806451612903226
hepatitis,KNN,4,0.8064516129032258
hepatitis,DT,5,0.7419354838709677
hepatitis,RF,5,0.8387096774193549
hepatitis,SVM,5,0.9354838709677419
hepatitis,NB,5,0.5483870967741935
hepatitis,KNN,5,0.9032258064516129
hepatitis,DT,6,0.7741935483870968
hepatitis,RF,6,0.7741935483870968
hepatitis,SVM,6,0.8709677419354839
hepatitis,NB,6,0.6129032258064516
hepatitis,KNN,6,0.8387096774193549
hepatitis,DT,7,0.8387096774193549
hepatitis,RF,7,0.8709677419354839
hepatitis,SVM,7,0.8709677419354839
hepatitis,NB,7,0.5161290322580645
hepatitis,KNN,7,0.9032258064516129
hepatitis,DT,8,0.7741935483870968
hepatitis,RF,8,0.8064516129032258
hepatitis,SVM,8,0.8709677419354839
hepatitis,NB,8,0.5161290322580645
hepatitis,KNN,8,0.8064516129032258
hepatitis,DT,9,0.6774193548387096
hepatitis,RF,9,0.8064516129032258
hepatitis,SVM,9,0.8387096774193549
hepatitis,NB,9,0.5483870967741935
hepatitis,KNN,9,0.8709677419354839
hepatitis,DT,10,0.8064516129032258
hepatitis,RF,10,0.8387096774193549
hepatitis,SVM,10,0.7741935483870968
hepatitis,NB,10,0.4838709677419355
hepatitis,KNN,10,0.7096774193548387
ionosphere,DT,1,0.8732394366197183
ionosphere,RF,1,0.9577464788732394
ionosphere,SVM,1,0.9577464788732394
ionosphere,NB,1,0.8873239436619719
ionosphere,KNN,1,0.8873239436619719
ionosphere,DT,2,0.9295774647887324
ionosphere,RF,2,0.9295774647887324
ionosphere,SVM,2,0.9436619718309859
ionosphere,NB,2,0.8873239436619719
ionosphere,KNN,2,0.8873239436619719
ionosphere,DT,3,0.8873239436619719
ionosphere,RF,3,0.9436619718309859
ionosphere,SVM,3,0.9577464788732394
ionosphere,NB,3,0.9154929577464789
ionosphere,KNN,3,0.9154929577464789
ionosphere,DT,4,0.8591549295774648
ionosphere,RF,4,0.9859154929577465
ionosphere,SVM,4,0.971830985915493
ionosphere,NB,4,0.9295774647887324
ionosphere,KNN,4,0.8732394366197183
ionosphere,DT,5,0.8309859154929577
ionosphere,RF,5,0.8873239436619719
ionosphere,SVM,5,0.9014084507042254
ionosphere,NB,5,0.8732394366197183
ionosphere,KNN,5,0.8309859154929577
ionosphere,DT,6,0.9577464788732394
ionosphere,RF,6,0.9436619718309859
ionosphere,SVM,6,0.9577464788732394
ionosphere,NB,6,0.9014084507042254
ionosphere,KNN,6,0.8732394366197183
ionosphere,DT,7,0.9154929577464789
ionosphere,RF,7,0.9436619718309859
ionosphere,SVM,7,0.9295774647887324
ionosphere,NB,7,0.8873239436619719
ionosphere,KNN,7,0.8169014084507042
ionosphere,DT,8,0.8450704225352113
ionosphere,RF,8,0.9154929577464789
ionosphere,SVM,8,0.9154929577464789
ionosphere,NB,8,0.8591549295774648
ionosphere,KNN,8,0.8591549295774648
ionosphere,DT,9,0.8873239436619719
ionosphere,RF,9,0.9154929577464789
ionosphere,SVM,9,0.9577464788732394
ionosphere,NB,9,0.9154929577464789
ionosphere,KNN,9,0.8873239436619719
ionosphere,DT,10,0.9154929577464789
ionosphere,RF,10,0.9436619718309859
ionosphere,SVM,10,0.9577464788732394
ionosphere,NB,10,0.8591549295774648
ionosphere,KNN,10,0.8169014084507042
iris,DT,1,0.9
iris,RF,1,0.9
iris,SVM,1,0.9666666666666667
iris,NB,1,0.9666666666666667
iris,KNN,1,0.9333333333333333
iris,DT,2,0.9333333333333333
iris,RF,2,0.9333333333333333
iris,SVM,2,1.0
iris,NB,2,0.9333333333333333
iris,KNN,2,0.9666666666666667
iris,DT,3,0.9333333333333333
iris,RF,3,0.9666666666666667
iris,SVM,3,0.9666666666666667
iris,NB,3,0.9666666666666667
iris,KNN,3,0.9666666666666667
iris,DT,4,0.9333333333333333
iris,RF,4,0.9333333333333333
iris,SVM,4,1.0
iris,NB,4,0.9333333333333333
iris,KNN,4,0.9666666666666667
iris,DT,5,0.8666666666666667
iris,RF,5,0.8666666666666667
iris,SVM,5,0.9
iris,NB,5,0.9
iris,KNN,5,0.9
iris,DT,6,0.9333333333333333
iris,RF,6,0.9666666666666667
iris,SVM,6,0.9333333333333333
iris,NB,6,0.9666666666666667
iris,KNN,6,0.9666666666666667
iris,DT,7,1.0
iris,RF,7,1.0
iris,SVM,7,1.0
iris,NB,7,1.0
iris,KNN,7,1.0
iris,DT,8,0.9333333333333333
iris,RF,8,0.9333333333333333
iris,SVM,8,1.0
iris,NB,8,0.9
iris,KNN,8,0.9666666666666667
iris,DT,9,0.9
iris,RF,9,0.9333333333333333
iris,SVM,9,0.9333333333333333
iris,NB,9,0.9333333333333333
iris,KNN,9,0.9333333333333333
iris,DT,10,0.9333333333333333
iris,RF,10,0.9333333333333333
iris,SVM,10,0.9666666666666667
iris,NB,10,0.9333333333333333
iris,KNN,10,0.9666666666666667
lenses,DT,1,1.0
lenses,RF,1,1.0
lenses,SVM,1,0.8
lenses,NB,1,1.0
lenses,KNN,1,0.8
lenses,DT,2,1.0
lenses,RF,2,0.8
lenses,SVM,2,0.8
lenses,NB,2,1.0
lenses,KNN,2,0.8
lenses,DT,3,1.0
lenses,RF,3,1.0
lenses,SVM,3,1.0
lenses,NB,3,0.8
lenses,KNN,3,0.8
lenses,DT,4,1.0
lenses,RF,4,1.0
lenses,SVM,4,1.0
lenses,NB,4,0.8
lenses,KNN,4,0.8
lenses,DT,5,0.6
lenses,RF,5,0.6
lenses,SVM,5,0.8
lenses,NB,5,0.6
lenses,KNN,5,0.6
lenses,DT,6,1.0
lenses,RF,6,1.0
lenses,SVM,6,0.8
lenses,NB,6,1.0
lenses,KNN,6,1.0
lenses,DT,7,0.8
lenses,RF,7,0.6
lenses,SVM,7,0.8
lenses,NB,7,0.8
lenses,KNN,7,0.8
lenses,DT,8,0.6
lenses,RF,8,0.6
lenses,SVM,8,0.8
lenses,NB,8,0.8
lenses,KNN,8,0.8
lenses,DT,9,0.8
lenses,RF,9,0.8
lenses,SVM,9,0.8
lenses,NB,9,0.8
lenses,KNN,9,0.4
lenses,DT,10,1.0
lenses,RF,10,1.0
lenses,SVM,10,0.8
lenses,NB,10,0.8
lenses,KNN,10,0.4
libras,DT,1,0.6944444444444444
libras,RF,1,0.7777777777777778
libras,SVM,1,0.8055555555555556
libras,NB,1,0.6666666666666666
libras,KNN,1,0.7083333333333334
libras,DT,2,0.6527777777777778
libras,RF,2,0.8194444444444444
libras,SVM,2,0.8194444444444444
libras,NB,2,0.6527777777777778
libras,KNN,2,0.75
libras,DT,3,0.6388888888888888
libras,RF,3,0.7777777777777778
libras,SVM,3,0.8055555555555556
libras,NB,3,0.7222222222222222
libras,KNN,3,0.7361111111111112
libras,DT,4,0.6388888888888888
libras,RF,4,0.8611111111111112
libras,SVM,4,0.7916666666666666
libras,NB,4,0.5972222222222222
libras,KNN,4,0.7361111111111112
libras,DT,5,0.7777777777777778
libras,RF,5,0.8055555555555556
libras,SVM,5,0.8333333333333334
libras,NB,5,0.6388888888888888
libras,KNN,5,0.8333333333333334
libras,DT,6,0.6527777777777778
libras,RF,6,0.7777777777777778
libras,SVM,6,0.8194444444444444
libras,NB,6,0.625
libras,KNN,6,0.6666666666666666
libras,DT,7,0.7222222222222222
libras,RF,7,0.8194444444444444
libras,SVM,7,0.8472222222222222
libras,NB,7,0.6944444444444444
libras,KNN,7,0.7916666666666666
libras,DT,8,0.6527777777777778
libras,RF,8,0.7916666666666666
libras,SVM,8,0.7916666666666666
libras,NB,8,0.6388888888888888
libras,KNN,8,0.75
libras,DT,9,0.7083333333333334
libras,RF,9,0.8055555555555556
libras,SVM,9,0.7777777777777778
libras,NB,9,0.6666666666666666
libras,KNN,9,0.7777777777777778
libras,DT,10,0.6805555555555556
libras,RF,10,0.8194444444444444
libras,SVM,10,0.8333333333333334
libras,NB,10,0.7222222222222222
libras,KNN,10,0.7083333333333334
lymphography,DT,1,0.7666666666666667
lymphography,RF,1,0.8
lymphography,SVM,1,0.7666666666666667
lymphography,NB,1,0.7666666666666667
lymphography,KNN,1,0.7333333333333333
lymphography,DT,2,0.8
lymphography,RF,2,0.8333333333333334
lymphography,SVM,2,0.9
lymphography,NB,2,0.8333333333333334
lymphography,KNN,2,0.9333333333333333
lymphography,DT,3,0.7666666666666667
lymphography,RF,3,0.9
lymphography,SVM,3,0.8666666666666667
lymphography,NB,3,0.7333333333333333
lymphography,KNN,3,0.8333333333333334
lymphography,DT,4,0.6666666666666666
lymphography,RF,4,0.9
lymphography,SVM,4,0.8
lymphography,NB,4,0.6666666666666666
lymphography,KNN,4,0.7666666666666667
lymphography,DT,5,0.7333333333333333
lymphography,RF,5,0.8666666666666667
lymphography,SVM,5,0.8
lymphography,NB,5,0.7
lymphography,KNN,5,0.8
lymphography,DT,6,0.8666666666666667
lymphography,RF,6,0.9333333333333333
lymphography,SVM,6,0.8666666666666667
lymphography,NB,6,0.6
lymphography,KNN,6,0.8666666666666667
lymphography,DT,7,0.7666666666666667
lymphography,RF,7,0.8333333333333334
lymphography,SVM,7,0.8666666666666667
lymphography,NB,7,0.8333333333333334
lymphography,KNN,7,0.8666666666666667
lymphography,DT,8,0.7666666666666667
lymphography,RF,8,0.7333333333333333
lymphography,SVM,8,0.7666666666666667
lymphography,NB,8,0.7
lymphography,KNN,8,0.7666666666666667
lymphography,DT,9,0.8333333333333334
lymphography,RF,9,0.9666666666666667
lymphography,SVM,9,0.9333333333333333
lymphography,NB,9,0.9333333333333333
lymphography,KNN,9,0.9333333333333333
lymphography,DT,10,0.8333333333333334
lymphography,RF,10,0.9
lymphography,SVM,10,0.9
lymphography,NB,10,0.8333333333333334
lymphography,KNN,10,0.8666666666666667
mammographic,DT,1,0.7668393782383419
mammographic,RF,1,0.8082901554404145
mammographic,SVM,1,0.8290155440414507
mammographic,NB,1,0.7979274611398963
mammographic,KNN,1,0.7979274611398963
mammographic,DT,2,0.7202072538860104
mammographic,RF,2,0.7668393782383419
mammographic,SVM,2,0.8238341968911918
mammographic,NB,2,0.7875647668393783
mammographic,KNN,2,0.7772020725388601
mammographic,DT,3,0.7979274611398963
mammographic,RF,3,0.8290155440414507
mammographic,SVM,3,0.8601036269430051
mammographic,NB,3,0.8290155440414507
mammographic,KNN,3,0.8238341968911918
mammographic,DT,4,0.7616580310880829
mammographic,RF,4,0.772020725388601
mammographic,SVM,4,0.7616580310880829
mammographic,NB,4,0.7616580310880829
mammographic,KNN,4,0.7616580310880829
mammographic,DT,5,0.7202072538860104
mammographic,RF,5,0.7668393782383419
mammographic,SVM,5,0.8134715025906736
mammographic,NB,5,0.7668393782383419
mammographic,KNN,5,0.7668393782383419
mammographic,DT,6,0.7512953367875648
mammographic,RF,6,0.8082901554404145
mammographic,SVM,6,0.8393782383419689
mammographic,NB,6,0.8134715025906736
mammographic,KNN,6,0.7564766839378239
mammographic,DT,7,0.7461139896373057
mammographic,RF,7,0.7772020725388601
mammographic,SVM,7,0.772020725388601
mammographic,NB,7,0.772020725388601
mammographic,KNN,7,0.7668393782383419
mammographic,DT,8,0.7616580310880829
mammographic,RF,8,0.7668393782383419
mammographic,SVM,8,0.8290155440414507
mammographic,NB,8,0.7564766839378239
mammographic,KNN,8,0.7823834196891192
mammographic,DT,9,0.7461139896373057
mammographic,RF,9,0.8031088082901554
mammographic,SVM,9,0.8497409326424871
mammographic,NB,9,0.8082901554404145
mammographic,KNN,9,0.7979274611398963
mammographic,DT,10,0.7772020725388601
mammographic,RF,10,0.8186528497409327
mammographic,SVM,10,0.8756476683937824
mammographic,NB,10,0.844559585492228
mammographic,KNN,10,0.8238341968911918
nursery,DT,1,0.9969135802469136
nursery,RF,1,0.9949845679012346
nursery,SVM,1,0.9810956790123457
nursery,NB,1,0.7380401234567902
nursery,KNN,1,0.9660493827160493
nursery,DT,2,0.996141975308642
nursery,RF,2,0.996141975308642
nursery,SVM,2,0.9780092592592593
nursery,NB,2,0.7160493827160493
nursery,KNN,2,0.9683641975308642
nursery,DT,3,0.9988425925925926
nursery,RF,3,0.9953703703703703
nursery,SVM,3,0.9780092592592593
nursery,NB,3,0.7218364197530864
nursery,KNN,3,0.9610339506172839
nursery,DT,4,0.998070987654321
nursery,RF,4,0.9965277777777778
nursery,SVM,4,0.9837962962962963
nursery,NB,4,0.7307098765432098
nursery,KNN,4,0.9691358024691358
nursery,DT,5,0.9988425925925926
nursery,RF,5,0.996141975308642
nursery,SVM,5,0.9733796296296297
nursery,NB,5,0.7183641975308642
nursery,KNN,5,0.964891975308642
nursery,DT,6,0.998070987654321
nursery,RF,6,0.9976851851851852
nursery,SVM,6,0.9799382716049383
nursery,NB,6,0.7199074074074074
nursery,KNN,6,0.9629629629629629
nursery,DT,7,0.9984567901234568
nursery,RF,7,0.9942129629629629
nursery,SVM,7,0.9810956790123457
nursery,NB,7,0.7322530864197531
nursery,KNN,7,0.9633487654320988
nursery,DT,8,0.9969135802469136
nursery,RF,8,0.9965277777777778
nursery,SVM,8,0.9795524691358025
nursery,NB,8,0.7241512345679012
nursery,KNN,8,0.9629629629629629
nursery,DT,9,0.9965277777777778
nursery,RF,9,0.9965277777777778
nursery,SVM,9,0.9807098765432098
nursery,NB,9,0.7183641975308642
nursery,KNN,9,0.9672067901234568
nursery,DT,10,0.9992283950617284
nursery,RF,10,0.9972993827160493
nursery,SVM,10,0.9803240740740741
nursery,NB,10,0.7222222222222222
nursery,KNN,10,0.9629629629629629
parkinsons,DT,1,0.8461538461538461
parkinsons,RF,1,0.9230769230769231
parkinsons,SVM,1,0.9230769230769231
parkinsons,NB,1,0.6666666666666666
parkinsons,KNN,1,0.9230769230769231
parkinsons,DT,2,0.8461538461538461
parkinsons,RF,2,0.8974358974358975
parkinsons,SVM,2,0.8717948717948718
parkinsons,NB,2,0.6923076923076923
parkinsons,KNN,2,0.9230769230769231
parkinsons,DT,3,0.8974358974358975
parkinsons,RF,3,0.9487179487179487
parkinsons,SVM,3,0.8717948717948718
parkinsons,NB,3,0.6666666666666666
parkinsons,KNN,3,0.9743589743589743
parkinsons,DT,4,0.8461538461538461
parkinsons,RF,4,0.9487179487179487
parkinsons,SVM,4,0.9487179487179487
parkinsons,NB,4,0.6153846153846154
parkinsons,KNN,4,0.8461538461538461
parkinsons,DT,5,0.7948717948717948
parkinsons,RF,5,0.8461538461538461
parkinsons,SVM,5,0.8461538461538461
parkinsons,NB,5,0.5897435897435898
parkinsons,KNN,5,0.8717948717948718
parkinsons,DT,6,0.8717948717948718
parkinsons,RF,6,0.8717948717948718
parkinsons,SVM,6,0.8205128205128205
parkinsons,NB,6,0.6410256410256411
parkinsons,KNN,6,0.8717948717948718
parkinsons,DT,7,0.717948717948718
parkinsons,RF,7,0.8461538461538461
parkinsons,SVM,7,0.8461538461538461
parkinsons,NB,7,0.7692307692307693
parkinsons,KNN,7,0.8974358974358975
parkinsons,DT,8,0.8974358974358975
parkinsons,RF,8,0.9487179487179487
parkinsons,SVM,8,0.8717948717948718
parkinsons,NB,8,0.6153846153846154
parkinsons,KNN,8,0.9230769230769231
parkinsons,DT,9,0.8205128205128205
parkinsons,RF,9,0.9230769230769231
parkinsons,SVM,9,0.8461538461538461
parkinsons,NB,9,0.6153846153846154
parkinsons,KNN,9,0.8717948717948718
parkinsons,DT,10,0.8717948717948718
parkinsons,RF,10,0.9230769230769231
parkinsons,SVM,10,0.8205128205128205
parkinsons,NB,10,0.717948717948718
parkinsons,KNN,10,0.8974358974358975
pima,DT,1,0.7207792207792207
pima,RF,1,0.7597402597402597
pima,SVM,1,0.7532467532467533
pima,NB,1,0.7077922077922078
pima,KNN,1,0.7012987012987013
pima,DT,2,0.7272727272727273
pima,RF,2,0.7402597402597403
pima,SVM,2,0.7597402597402597
pima,NB,2,0.7727272727272727
pima,KNN,2,0.7142857142857143
pima,DT,3,0.6883116883116883
pima,RF,3,0.7662337662337663
pima,SVM,3,0.7337662337662337
pima,NB,3,0.7337662337662337
pima,KNN,3,0.7077922077922078
pima,DT,4,0.6753246753246753
pima,RF,4,0.7857142857142857
pima,SVM,4,0.7597402597402597
pima,NB,4,0.7662337662337663
pima,KNN,4,0.7207792207792207
pima,DT,5,0.7337662337662337
pima,RF,5,0.8051948051948052
pima,SVM,5,0.8116883116883117
pima,NB,5,0.7662337662337663
pima,KNN,5,0.7207792207792207
pima,DT,6,0.6753246753246753
pima,RF,6,0.7662337662337663
pima,SVM,6,0.7662337662337663
pima,NB,6,0.7532467532467533
pima,KNN,6,0.6883116883116883
pima,DT,7,0.6883116883116883
pima,RF,7,0.7337662337662337
pima,SVM,7,0.7532467532467533
pima,NB,7,0.7467532467532467
pima,KNN,7,0.7467532467532467
pima,DT,8,0.7402597402597403
pima,RF,8,0.7792207792207793
pima,SVM,8,0.7987012987012987
pima,NB,8,0.7662337662337663
pima,KNN,8,0.7727272727272727
pima,DT,9,0.7662337662337663
pima,RF,9,0.7922077922077922
pima,SVM,9,0.7727272727272727
pima,NB,9,0.7662337662337663
pima,KNN,9,0.7272727272727273
pima,DT,10,0.6233766233766234
pima,RF,10,0.7662337662337663
pima,SVM,10,0.7857142857142857
pima,NB,10,0.7467532467532467
pima,KNN,10,0.7792207792207793
planning,DT,1,0.5675675675675675
planning,RF,1,0.7027027027027027
planning,SVM,1,0.7027027027027027
planning,NB,1,0.6216216216216216
planning,KNN,1,0.4864864864864865
planning,DT,2,0.6756756756756757
planning,RF,2,0.7297297297297297
planning,SVM,2,0.7027027027027027
planning,NB,2,0.6756756756756757
planning,KNN,2,0.6486486486486487
planning,DT,3,0.5135135135135135
planning,RF,3,0.7027027027027027
planning,SVM,3,0.7027027027027027
planning,NB,3,0.6756756756756757
planning,KNN,3,0.5405405405405406
planning,DT,4,0.5675675675675675
planning,RF,4,0.7027027027027027
planning,SVM,4,0.7027027027027027
planning,NB,4,0.5675675675675675
planning,KNN,4,0.5405405405405406
planning,DT,5,0.4864864864864865
planning,RF,5,0.7027027027027027
planning,SVM,5,0.7027027027027027
planning,NB,5,0.5675675675675675
planning,KNN,5,0.6486486486486487
planning,DT,6,0.5405405405405406
planning,RF,6,0.7567567567567568
planning,SVM,6,0.7027027027027027
planning,NB,6,0.6756756756756757
planning,KNN,6,0.5135135135135135
planning,DT,7,0.5405405405405406
planning,RF,7,0.6486486486486487
planning,SVM,7,0.7027027027027027
planning,NB,7,0.5945945945945946
planning,KNN,7,0.5945945945945946
planning,DT,8,0.5405405405405406
planning,RF,8,0.7027027027027027
planning,SVM,8,0.7027027027027027
planning,NB,8,0.7297297297297297
planning,KNN,8,0.6216216216216216
planning,DT,9,0.4594594594594595
planning,RF,9,0.6216216216216216
planning,SVM,9,0.7027027027027027
planning,NB,9,0.7027027027027027
planning,KNN,9,0.5405405405405406
planning,DT,10,0.6756756756756757
planning,RF,10,0.7027027027027027
planning,SVM,10,0.7027027027027027
planning,NB,10,0.7297297297297297
planning,KNN,10,0.7027027027027027
seeds,DT,1,0.8809523809523809
seeds,RF,1,0.9047619047619048
seeds,SVM,1,0.9047619047619048
seeds,NB,1,0.8809523809523809
seeds,KNN,1,0.9047619047619048
seeds,DT,2,0.9523809523809523
seeds,RF,2,0.9523809523809523
seeds,SVM,2,0.9523809523809523
seeds,NB,2,0.9047619047619048
seeds,KNN,2,0.9523809523809523
seeds,DT,3,0.7857142857142857
seeds,RF,3,0.8571428571428571
seeds,SVM,3,0.9285714285714286
seeds,NB,3,0.8571428571428571
seeds,KNN,3,0.9523809523809523
seeds,DT,4,0.7380952380952381
seeds,RF,4,0.9761904761904762
seeds,SVM,4,0.9523809523809523
seeds,NB,4,0.9285714285714286
seeds,KNN,4,0.9523809523809523
seeds,DT,5,0.9047619047619048
seeds,RF,5,0.9047619047619048
seeds,SVM,5,0.9285714285714286
seeds,NB,5,0.9523809523809523
seeds,KNN,5,0.9285714285714286
seeds,DT,6,0.9523809523809523
seeds,RF,6,0.9761904761904762
seeds,SVM,6,0.9761904761904762
seeds,NB,6,0.9761904761904762
seeds,KNN,6,0.9761904761904762
seeds,DT,7,0.9285714285714286
seeds,RF,7,0.9523809523809523
seeds,SVM,7,0.9285714285714286
seeds,NB,7,0.9047619047619048
seeds,KNN,7,0.9523809523809523
seeds,DT,8,0.9047619047619048
seeds,RF,8,0.9523809523809523
seeds,SVM,8,0.9523809523809523
seeds,NB,8,0.9047619047619048
seeds,KNN,8,0.9285714285714286
seeds,DT,9,0.9285714285714286
seeds,RF,9,0.9047619047619048
seeds,SVM,9,0.8809523809523809
seeds,NB,9,0.9285714285714286
seeds,KNN,9,0.9047619047619048
seeds,DT,10,0.9047619047619048
seeds,RF,10,0.9523809523809523
seeds,SVM,10,0.9047619047619048
seeds,NB,10,0.9285714285714286
seeds,KNN,10,0.9285714285714286
soybean,DT,1,0.8978102189781022
soybean,RF,1,0.948905109489051
soybean,SVM,1,0.9124087591240876
soybean,NB,1,0.8467153284671532
soybean,KNN,1,0.8686131386861314
soybean,DT,2,0.8832116788321168
soybean,RF,2,0.9051094890510949
soybean,SVM,2,0.927007299270073
soybean,NB,2,0.8321167883211679
soybean,KNN,2,0.8832116788321168
soybean,DT,3,0.9124087591240876
soybean,RF,3,0.948905109489051
soybean,SVM,3,0.927007299270073
soybean,NB,3,0.8759124087591241
soybean,KNN,3,0.8905109489051095
soybean,DT,4,0.8467153284671532
soybean,RF,4,0.9416058394160584
soybean,SVM,4,0.9562043795620438
soybean,NB,4,0.8467153284671532
soybean,KNN,4,0.9197080291970803
soybean,DT,5,0.8832116788321168
soybean,RF,5,0.9197080291970803
soybean,SVM,5,0.9416058394160584
soybean,NB,5,0.8321167883211679
soybean,KNN,5,0.8905109489051095
soybean,DT,6,0.9051094890510949
soybean,RF,6,0.948905109489051
soybean,SVM,6,0.948905109489051
soybean,NB,6,0.8467153284671532
soybean,KNN,6,0.9197080291970803
soybean,DT,7,0.9124087591240876
soybean,RF,7,0.9343065693430657
soybean,SVM,7,0.9416058394160584
soybean,NB,7,0.8832116788321168
soybean,KNN,7,0.9124087591240876
soybean,DT,8,0.9051094890510949
soybean,RF,8,0.9416058394160584
soybean,SVM,8,0.9416058394160584
soybean,NB,8,0.8394160583941606
soybean,KNN,8,0.9343065693430657
soybean,DT,9,0.8905109489051095
soybean,RF,9,0.9416058394160584
soybean,SVM,9,0.9416058394160584
soybean,NB,9,0.8248175182481752
soybean,KNN,9,0.8905109489051095
soybean,DT,10,0.9197080291970803
soybean,RF,10,0.9708029197080292
soybean,SVM,10,0.9562043795620438
soybean,NB,10,0.8905109489051095
soybean,KNN,10,0.9197080291970803
spect,DT,1,0.660377358490566
spect,RF,1,0.6037735849056604
spect,SVM,1,0.6792452830188679
spect,NB,1,0.6792452830188679
spect,KNN,1,0.6037735849056604
spect,DT,2,0.6037735849056604
spect,RF,2,0.6981132075471698
spect,SVM,2,0.7358490566037735
spect,NB,2,0.6415094339622641
spect,KNN,2,0.7547169811320755
spect,DT,3,0.660377358490566
spect,RF,3,0.7169811320754716
spect,SVM,3,0.7169811320754716
spect,NB,3,0.6981132075471698
spect,KNN,3,0.660377358490566
spect,DT,4,0.5471698113207547
spect,RF,4,0.5660377358490566
spect,SVM,4,0.6037735849056604
spect,NB,4,0.5283018867924528
spect,KNN,4,0.6226415094339622
spect,DT,5,0.660377358490566
spect,RF,5,0.6226415094339622
spect,SVM,5,0.6981132075471698
spect,NB,5,0.6415094339622641
spect,KNN,5,0.6415094339622641
spect,DT,6,0.6037735849056604
spect,RF,6,0.6792452830188679
spect,SVM,6,0.7169811320754716
spect,NB,6,0.660377358490566
spect,KNN,6,0.6792452830188679
spect,DT,7,0.660377358490566
spect,RF,7,0.7169811320754716
spect,SVM,7,0.6792452830188679
spect,NB,7,0.6037735849056604
spect,KNN,7,0.6981132075471698
spect,DT,8,0.5283018867924528
spect,RF,8,0.6792452830188679
spect,SVM,8,0.7547169811320755
spect,NB,8,0.7169811320754716
spect,KNN,8,0.6226415094339622
spect,DT,9,0.5660377358490566
spect,RF,9,0.5660377358490566
spect,SVM,9,0.6792452830188679
spect,NB,9,0.660377358490566
spect,KNN,9,0.6792452830188679
spect,DT,10,0.6037735849056604
spect,RF,10,0.7735849056603774
spect,SVM,10,0.7924528301886793
spect,NB,10,0.6037735849056604
spect,KNN,10,0.7169811320754716
spectf,DT,1,0.7962962962962963
spectf,RF,1,0.8888888888888888
spectf,SVM,1,0.8148148148148148
spectf,NB,1,0.7592592592592593
spectf,KNN,1,0.8333333333333334
spectf,DT,2,0.7777777777777778
spectf,RF,2,0.8518518518518519
spectf,SVM,2,0.8148148148148148
spectf,NB,2,0.7777777777777778
spectf,KNN,2,0.7777777777777778
spectf,DT,3,0.7777777777777778
spectf,RF,3,0.8703703703703703
spectf,SVM,3,0.8518518518518519
spectf,NB,3,0.7222222222222222
spectf,KNN,3,0.8703703703703703
spectf,DT,4,0.7037037037037037
spectf,RF,4,0.8148148148148148
spectf,SVM,4,0.7777777777777778
spectf,NB,4,0.7037037037037037
spectf,KNN,4,0.7592592592592593
spectf,DT,5,0.7777777777777778
spectf,RF,5,0.8518518518518519
spectf,SVM,5,0.8333333333333334
spectf,NB,5,0.7407407407407407
spectf,KNN,5,0.8518518518518519
spectf,DT,6,0.7777777777777778
spectf,RF,6,0.9074074074074074
spectf,SVM,6,0.8518518518518519
spectf,NB,6,0.8148148148148148
spectf,KNN,6,0.8888888888888888
spectf,DT,7,0.8148148148148148
spectf,RF,7,0.8703703703703703
spectf,SVM,7,0.8518518518518519
spectf,NB,7,0.8148148148148148
spectf,KNN,7,0.8703703703703703
spectf,DT,8,0.7777777777777778
spectf,RF,8,0.8518518518518519
spectf,SVM,8,0.8148148148148148
spectf,NB,8,0.7407407407407407
spectf,KNN,8,0.8518518518518519
spectf,DT,9,0.7222222222222222
spectf,RF,9,0.8333333333333334
spectf,SVM,9,0.8518518518518519
spectf,NB,9,0.7777777777777778
spectf,KNN,9,0.8333333333333334
spectf,DT,10,0.7407407407407407
spectf,RF,10,0.8703703703703703
spectf,SVM,10,0.8148148148148148
spectf,NB,10,0.7592592592592593
spectf,KNN,10,0.7962962962962963
teaching,DT,1,0.6451612903225806
teaching,RF,1,0.6774193548387096
teaching,SVM,1,0.5483870967741935
teaching,NB,1,0.6129032258064516
teaching,KNN,1,0.4838709677419355
teaching,DT,2,0.6451612903225806
teaching,RF,2,0.6774193548387096
teaching,SVM,2,0.4838709677419355
teaching,NB,2,0.41935483870967744
teaching,KNN,2,0.5483870967741935
teaching,DT,3,0.6451612903225806
teaching,RF,3,0.5806451612903226
teaching,SVM,3,0.5483870967741935
teaching,NB,3,0.6451612903225806
teaching,KNN,3,0.5483870967741935
teaching,DT,4,0.4838709677419355
teaching,RF,4,0.5806451612903226
teaching,SVM,4,0.5161290322580645
teaching,NB,4,0.3870967741935484
teaching,KNN,4,0.45161290322580644
teaching,DT,5,0.5806451612903226
teaching,RF,5,0.5161290322580645
teaching,SVM,5,0.5483870967741935
teaching,NB,5,0.6451612903225806
teaching,KNN,5,0.3870967741935484
teaching,DT,6,0.7096774193548387
teaching,RF,6,0.7741935483870968
teaching,SVM,6,0.7741935483870968
teaching,NB,6,0.6129032258064516
teaching,KNN,6,0.7741935483870968
teaching,DT,7,0.5483870967741935
teaching,RF,7,0.6451612903225806
teaching,SVM,7,0.5806451612903226
teaching,NB,7,0.5806451612903226
teaching,KNN,7,0.41935483870967744
teaching,DT,8,0.6451612903225806
teaching,RF,8,0.6451612903225806
teaching,SVM,8,0.6129032258064516
teaching,NB,8,0.45161290322580644
teaching,KNN,8,0.5161290322580645
teaching,DT,9,0.7741935483870968
teaching,RF,9,0.7741935483870968
teaching,SVM,9,0.6774193548387096
teaching,NB,9,0.6451612903225806
teaching,KNN,9,0.5806451612903226
teaching,DT,10,0.6451612903225806
teaching,RF,10,0.5483870967741935
teaching,SVM,10,0.6774193548387096
teaching,NB,10,0.4838709677419355
teaching,KNN,10,0.45161290322580644
titanic,DT,1,0.7777777777777778
titanic,RF,1,0.7777777777777778
titanic,SVM,1,0.7732426303854876
titanic,NB,1,0.7573696145124716
titanic,KNN,1,0.7732426303854876
titanic,DT,2,0.7913832199546486
titanic,RF,2,0.7913832199546486
titanic,SVM,2,0.7913832199546486
titanic,NB,2,0.800453514739229
titanic,KNN,2,0.7913832199546486
titanic,DT,3,0.800453514739229
titanic,RF,3,0.800453514739229
titanic,SVM,3,0.800453514739229
titanic,NB,3,0.8027210884353742
titanic,KNN,3,0.5555555555555556
titanic,DT,4,0.7913832199546486
titanic,RF,4,0.7845804988662132
titanic,SVM,4,0.7845804988662132
titanic,NB,4,0.7551020408163265
titanic,KNN,4,0.7596371882086168
titanic,DT,5,0.782312925170068
titanic,RF,5,0.782312925170068
titanic,SVM,5,0.7687074829931972
titanic,NB,5,0.7596371882086168
titanic,KNN,5,0.782312925170068
titanic,DT,6,0.7913832199546486
titanic,RF,6,0.7913832199546486
titanic,SVM,6,0.7868480725623582
titanic,NB,6,0.7777777777777778
titanic,KNN,6,0.7913832199546486
titanic,DT,7,0.7709750566893424
titanic,RF,7,0.7709750566893424
titanic,SVM,7,0.7664399092970522
titanic,NB,7,0.764172335600907
titanic,KNN,7,0.7301587301587301
titanic,DT,8,0.782312925170068
titanic,RF,8,0.782312925170068
titanic,SVM,8,0.7755102040816326
titanic,NB,8,0.7664399092970522
titanic,KNN,8,0.7777777777777778
titanic,DT,9,0.782312925170068
titanic,RF,9,0.782312925170068
titanic,SVM,9,0.782312925170068
titanic,NB,9,0.7687074829931972
titanic,KNN,9,0.782312925170068
titanic,DT,10,0.7845804988662132
titanic,RF,10,0.7845804988662132
titanic,SVM,10,0.7732426303854876
titanic,NB,10,0.7573696145124716
titanic,KNN,10,0.7732426303854876
trains,DT,1,1.0
trains,RF,1,1.0
trains,SVM,1,1.0
trains,NB,1,1.0
trains,KNN,1,1.0
trains,DT,2,0.5
trains,RF,2,0.0
trains,SVM,2,0.5
trains,NB,2,0.5
trains,KNN,2,0.5
trains,DT,3,0.5
trains,RF,3,1.0
trains,SVM,3,1.0
trains,NB,3,1.0
trains,KNN,3,1.0
trains,DT,4,0.5
trains,RF,4,1.0
trains,SVM,4,1.0
trains,NB,4,0.0
trains,KNN,4,1.0
trains,DT,5,0.5
trains,RF,5,0.5
trains,SVM,5,0.5
trains,NB,5,0.5
trains,KNN,5,0.5
trains,DT,6,1.0
trains,RF,6,1.0
trains,SVM,6,1.0
trains,NB,6,1.0
trains,KNN,6,1.0
trains,DT,7,0.5
trains,RF,7,0.5
trains,SVM,7,1.0
trains,NB,7,0.5
trains,KNN,7,1.0
trains,DT,8,0.5
trains,RF,8,1.0
trains,SVM,8,0.5
trains,NB,8,0.5
trains,KNN,8,0.5
trains,DT,9,0.5
trains,RF,9,1.0
trains,SVM,9,1.0
trains,NB,9,0.0
trains,KNN,9,1.0
trains,DT,10,0.5
trains,RF,10,1.0
trains,SVM,10,1.0
trains,NB,10,0.5
trains,KNN,10,0.5
