Dataset,attr_conc.mean,attr_conc.sd,attr_ent.mean,attr_ent.sd,attr_to_inst,c1,c2,can_cor.mean,cat_to_num,ch,class_conc.mean,class_conc.sd,class_ent,cls_coef,cohesiveness.mean,cohesiveness.sd,conceptvar.mean,conceptvar.sd,cor.mean,cor.sd,cov.mean,cov.sd,density,eigenvalues.mean,eigenvalues.sd,eq_num_attr,f1.mean,f1.sd,f3.mean,f4.mean,freq_class.mean,freq_class.sd,gravity,hubs.mean,hubs.sd,impconceptvar.mean,impconceptvar.sd,inst_to_attr,int,iq_range.mean,iq_range.sd,joint_ent.mean,joint_ent.sd,kurtosis.mean,kurtosis.sd,l1.mean,l2.mean,l3.mean,leaves,leaves_branch.mean,leaves_branch.sd,leaves_corrob.mean,leaves_corrob.sd,leaves_homo.mean,leaves_homo.sd,leaves_per_class.mean,leaves_per_class.sd,lh_trace,lsc,mad.mean,mad.sd,max.mean,max.sd,mean.mean,mean.sd,median.mean,median.sd,min.mean,min.sd,mut_inf.mean,mut_inf.sd,n1,n3.mean,n3.sd,n4.mean,n4.sd,nodes,nodes_per_attr,nodes_per_inst,nodes_per_level.mean,nodes_per_level.sd,nodes_repeated.mean,nodes_repeated.sd,nr_attr,nr_bin,nr_cat,nr_class,nr_cor_attr,nr_disc,nr_inst,nr_norm,nr_num,nr_outliers,nre,ns_ratio,one_itemset.mean,one_itemset.sd,p_trace,pb,range.mean,range.sd,roy_root,sc,sd.mean,sd.sd,sil,skewness.mean,skewness.sd,sparsity.mean,sparsity.sd,t1,t2,t3,t4,t_mean.mean,t_mean.sd,tree_depth.mean,tree_depth.sd,tree_imbalance.mean,tree_imbalance.sd,tree_shape.mean,tree_shape.sd,two_itemset.mean,two_itemset.sd,var.mean,var.sd,var_importance.mean,var_importance.sd,vdb,vdu,w_lambda,wg_dist.mean,wg_dist.sd
annealing,0.3775931352515183,0.2793622093563328,1.0605257591534296,0.6689916561684421,0.034521158129175944,0.5124335498693026,0.6383521604146363,0.6281868298413635,0.0,0.4420068405117574,0.04294289878330656,0.049464613120496034,1.1898338562043977,0.4769108095671326,206.1336302895323,29.1606480848466,0.3938909026362512,0.2864723697985354,0.0653742909068801,0.08747012457662921,243.45935234906767,4981.665466453481,0.8654311699726631,17951.845435569867,90702.86645505489,18.071669270794864,0.9205102849587321,0.10997337472685259,0.32313610379944946,0.0286514891725408,0.2,0.3162118837219235,152.27120881551116,0.699019570090454,0.2308331901980881,80.45573496659243,59.577004314623835,28.967741935483872,330.500236081953,0.4288928064516129,0.7016004078732859,2.1845198836553856,0.6140831843723322,83.77724697543488,176.5827496121202,0.011111671598938644,0.012709688634252304,0.014347650055429085,57,9.631578947368421,3.725546838803708,0.017543859649122806,0.053857106935905695,34002.37438117438,64616.27931245416,0.2,0.20179252118611382,8.32920063666957,0.9861446619808434,0.12946924542774185,0.31499531212627185,232.85656460645163,909.7907544968184,7.188117168848335,27.79521100416858,-0.039679848387096824,0.3599832958080174,-4.478818419354839,6.577672706917338,0.06583973170244191,0.07766329198911094,0.17037861915367483,0.06904231625835189,0.25366736264599554,0.2973273942093541,0.4573365596734401,56,1.8064516129032258,0.062360801781737196,3.5,1.5491933384829668,3.7333333333333334,3.594970031002974,31,0,0,5,0.008602150537634409,4,898,0.0,31,28,0.8247299827628457,15.107686525005935,0.2980769230769231,0.3076733880642297,1.7135492055919053,-0.007468285414880347,237.33538302580644,908.8724576182076,7.147260604313675,1,33.77496105071716,131.8008625021557,-0.8334048714443333,-1.663620742296012,9.084410323144679,0.1902734257682823,0.09553807974465306,0.2071269487750557,0.034521158129175944,0.0022271714922048997,0.06451612903225806,-0.015662923739546,0.24740650592566715,8.725663716814159,3.857385744096779,0.057187245409288094,0.10392486078751442,0.05352890282346491,0.09248687469849007,0.4220466371169782,0.3047200226761947,17951.845435569867,86356.81957821987,0.03225806451612903,0.06247272087026014,15.498981027933326,0.0,0.04567549642209904,1.6229043892679649,0.21292134268194737
balloons,-4.000000473325843e-08,6.911695780091008e-24,1.0,0.0,0.25,0.9886994082884974,0.030769230769230882,0.7559289460184545,0.0,2.3333333333333335,0.1428571083900189,0.0,0.9886994082884974,1.0,4.75,0.0,0.4041532292958448,0.15746599002714978,1.512302188253446e-18,2.109750549431118e-34,1.512302698832476e-18,2.109750549431118e-34,0.8666666666666667,1.0000003376170672,0.0,9.341160445750688,0.8571428571428571,0.0,1.0,1.0,0.5,0.08838834764831845,1.4754224761904764,0.7219068910760513,0.3427951345730375,2.34375,0.3520771695712935,4.0,2.8712510975319905,1.936492,0.0,1.882856091065715,0.0,-2.12109375,0.0,0.11095363716191375,0.125,0.25,7,3.0,0.816496580927726,0.14285714285714285,0.07834789631600109,20.0,5.849976258261415,0.5,0.10101525445522107,1.3333333333333337,0.90625,1.4355215196,0.0,0.968246,0.0,0.0,0.0,0.0,0.0,-0.968246,0.0,0.1058433172227824,0.0,0.5625,0.375,0.5,0.1875,0.4031128874149275,6,1.5,0.375,1.5,0.5773502691896257,1.5,0.5773502691896257,4,4,0,2,0.0,1,16,0.0,4,0,0.6853142072764582,8.447927618284753,0.5,0.0,0.5714285714285715,-0.18769949455013704,1.936492,0.0,1.3333333333333337,2,1.0000001688085192,0.0,0.07446946139296395,0.0,0.0,0.4666666666666667,0.0,0.5,0.25,0.25,1.0,0.0,0.0,2.3076923076923075,1.1821319289469756,0.2524478085859489,0.12362330601958614,0.375,0.10206207261596575,0.5,0.0,1.0000003376170667,0.0,0.25,0.10558837060039737,2.393416447768374,0.007936507936507936,0.4285714285714285,1.072500876163998,2.8665835232995054e-16
bank,0.0908016412745252,0.19443047521456294,1.9852224866255974,1.3782625362732113,0.0035390400353904005,0.5155217894467283,0.7438456741477291,0.47999334282914297,0.0,78.84790626056241,0.03821988380562853,0.12333437810896698,0.5155217894467283,0.4968901514474309,1175.0338420703383,92.85028175714518,0.19991545501391345,0.24623795287463626,0.06528071993212124,0.1152451270436565,0.06528072435933222,0.11524511694547541,0.84056614853398,0.9999998444670344,0.5281262169044619,30.42546919380167,0.9828511315637366,0.03981266777131134,0.9526653395266534,0.9462508294625083,0.5,0.5441328227710681,1.6402700436137432,0.5722612742144652,0.22053261228091656,234.73208360982085,284.7200819265699,282.5625,5.8181861158833925,1.05323686875,0.9078052724354408,2.483800517993757,1.3698581073874831,15.575221819454187,27.312238595811937,0.10332063704630434,0.11523999115239991,0.11523999115239991,410,12.507317073170732,4.0184410024197,0.0024390243902439024,0.012694345620849014,3980437.499414505,17138440.105262376,0.5,0.048290219202983736,0.29936550930783784,0.995297620908517,0.33597862990125,0.46956291832108477,5.655159,6.803681323697939,3.3529335319449363e-08,5.868097056219832e-07,-0.19623360625,0.4341423923049525,-1.690205625,1.7274527890420575,0.016943758078568967,0.025824739371147418,0.21765096217650962,0.1333775713337757,0.3400199514206486,0.17407653174076532,0.379217221683355,409,25.5625,0.09046671090466711,17.782608695652176,13.228607161407055,25.5625,23.41215852215824,16,3,0,2,0.025,1,4521,0.0,16,9,0.3573324748722175,116.1654173424828,0.14285714285714285,0.19628031102466698,0.23039360916029517,-0.12716909289504574,7.345364624999999,6.427445049814116,0.29936550930783784,0,0.9999999222331274,9.085993283031625e-07,0.08713317200757696,1.045841035267555,3.3101690654617104,0.18472128985672676,0.1946507963391337,0.300818403008184,0.0035390400353904005,0.0030966600309666,0.875,-0.11348922059348508,0.23842635445369234,11.523809523809524,4.234028773014661,0.04388044527360751,0.07204468735132905,0.015621794723882908,0.03306973533015355,0.25563642819101723,0.21892727402498233,0.9999998444670346,1.8171997205606513e-06,0.0625,0.06890955986130617,4.779118324045096,6.981110665323275e-09,0.7696063908397048,1.4206677655927131,0.137991571516006
blood,0.22206201045932897,0.36601230718942435,2.8825407662002718,0.26857768785511843,0.0053475935828877,0.7916446298452328,0.43093352477957514,0.3592442031148536,0.0,34.174219578465824,0.010159305490259443,0.008808436508002894,0.7916446298452328,0.42498477477499164,368.9284759358289,16.752506794078062,0.3596591053827467,0.22361737565741965,0.46599817913242897,0.3452425442305771,0.4659980877169003,0.3452426102815043,0.8817014940331737,0.9999996574279391,1.125133356927246,20.080307416122807,0.9561966884398907,0.03178874051995829,0.9906417112299465,0.9866310160427807,0.5,0.3705693291779768,0.982306679796981,0.6046359405955398,0.31767015009504773,133.14171122994654,82.67843956531425,187.0,2.4757860779559087,1.1242461874999998,0.30944385832027854,3.634761466250007,0.2964215992974403,10.113152012639492,7.549087743564997,0.19222117836614983,0.23796791443850263,0.23796791443850263,198,10.136363636363637,3.256635694983166,0.005050505050505051,0.007987513076758934,187223.83568024682,635803.5183748424,0.5,0.1999897966992256,0.14817997066282115,0.9932869112642626,0.6956981891999999,0.2185434521957593,6.4542625000000005,2.5655180108946807,5.153743313277702e-08,1.8248258272388624e-07,-0.27153675,0.02541665542349478,-1.0112365,0.281644568619741,0.03942392979549747,0.02791534888642516,0.47593582887700536,0.29545454545454547,0.4565520998589351,0.4037433155080214,0.4909754772891417,197,49.25,0.26336898395721925,10.368421052631579,8.104940374828933,49.25,34.37416665656541,4,0,0,2,0.5,1,748,0.0,4,3,0.5487262431826446,72.11652544920778,0.125,0.05094040724546149,0.1290563974716262,-0.07023375354098084,7.465499,2.3779471455665284,0.14817997066282115,0,0.999999828713906,3.606185915543805e-07,0.07779860229791245,2.2540433820060057,1.1834557981884104,0.025117841091412796,0.009126015932186244,0.31684491978609625,0.0053475935828877,0.004010695187165776,0.75,-0.20511736433333339,0.04213946730338892,9.164556962025317,3.506449386946741,0.05502750316418468,0.07765981733771431,0.030224867541380603,0.047054603335541394,0.2193211488250653,0.06762303488755886,0.9999996574279388,7.212370395018174e-07,0.25,0.13002828318057177,3.3379009835993547,0.0,0.8709436025283738,0.33296563785980093,0.11901309145595118
car,-4.96666777765976e-08,8.332186795708152e-09,1.792481250360578,0.22732540056555695,0.003472222222222222,0.6028704850060876,0.5065929538357922,0.3588478411258175,0.0,61.34508654161459,0.054606412208439696,0.05517964763165563,1.2057409700121753,0.5474320452073832,506.5613425925926,34.93993106287077,0.420078840643934,0.23183141152711684,3.443700491689151e-17,8.780180303770029e-17,3.4436924280554224e-17,8.780161089836953e-17,0.8885370423985074,0.9999984755196053,1.5241627546932702e-06,10.538341178230946,0.9035472477347534,0.081994947246243,0.5471334612646115,0.13893169822634888,0.25,0.31236529732861545,2.3997325766715374,0.6344332244849923,0.2708054019947367,225.76837384259258,125.88475018949848,288.0,3.1473914670845256,1.86861925,0.6381600525543535,2.883807536921161,0.30081349161029236,-1.3975706921712716,0.13656460990788066,0.025719475043158063,0.041084479075826,0.049943726428406054,82,9.134146341463415,2.08322041247722,0.012195121951219513,0.04397657223655371,8758.488888888889,8458.322415195607,0.25,0.16824554541930795,1.08841998349889,0.9868874046210563,1.5165589529999999,0.3479090700811054,1.2564233333333332,0.06764558068836916,-2.4999999998902784e-07,6.123724356366875e-07,0.02816366666666667,0.0689866126191645,-1.3127516666666665,0.11691742118549595,0.11441468345159245,0.10402099828923438,0.10648148148148148,0.026041666666666668,0.1593053191622169,0.3142361111111111,0.46434529790257467,81,13.5,0.046875,6.75,5.207075605715397,13.5,6.0909769331364245,6,0,0,4,0.0,3,1728,0.0,6,0,0.8357559538495528,14.666531569953225,0.28571428571428564,0.04225771273642582,0.5787165124752156,-0.055140104749828334,2.5691749999999995,0.13211331919984445,1.0069494902346472,0,0.9999992377592708,7.620821219145444e-07,-0.019225864026305526,-0.07237953890834178,0.17729293814335917,0.29125651418645043,0.0456699758429322,0.42824074074074076,0.003472222222222222,0.003472222222222222,1.0,0.018721428709055885,0.04585794759307889,8.196319018404909,2.3904617450168812,0.08059078388913507,0.11303512200187955,0.03468583269817073,0.07823672164576854,0.4098360655737704,0.02292227853638695,0.9999984755196065,1.5241627553179057e-06,0.16666666666666666,0.09163947278568724,3.119715987442805,2.3090671339700607e-07,0.46033705537120634,1.0907374195095523,0.05412978609395193
contrac,0.032929623802236935,0.04548410245685283,1.591380680533382,0.9861694216603035,0.006109979633401222,0.9710227103477138,0.04370336679657216,0.3286626604332791,0.0,25.298723133433683,0.01902340812729316,0.00941196329671793,1.5390345832497476,0.48027030078342836,458.35234215885947,66.68824067306761,0.6394303636225106,0.07198382869637177,0.17689609001504245,0.1517072474699606,0.17689613987840955,0.15170731464835044,0.9240052835089584,1.0000004834072473,0.6949909389839953,43.152212587680815,0.9667252756894898,0.024705622995926838,0.9649663372911066,0.9583228363348094,0.3333333333333333,0.10116094146234017,1.266545637192033,0.8213767513215648,0.24882721747304604,295.43228105906314,56.150817192839405,163.66666666666666,4.028114580293289,1.2990565555555555,0.8681656822378594,3.094750010695062,0.9644859446416661,0.9183729488856953,3.090064970404165,0.16062336785038459,0.3279647099178154,0.27751988321955895,686,13.549562682215743,3.539519301934365,0.0014577259475218659,0.00273531214943589,6335043.42441692,24160518.18329925,0.3333333333333333,0.03394759664666388,0.2595186566958338,0.9987297952877986,0.7813586000266666,0.7610937288447027,1.8555763333333333,1.6645367736585905,2.9712604661868417e-08,7.759788736544648e-07,0.1089967111111111,0.35930080653151003,-1.7997612222222221,0.7626405103608412,0.03566525308806794,0.025641626926577427,0.7359131025118805,0.5743380855397149,0.49461088930205455,0.4983027834351663,0.5001669265910758,685,76.11111111111111,0.4650373387644263,29.782608695652176,25.509279099145527,76.11111111111111,66.17674146640276,9,3,0,3,0.05555555555555555,2,1473,0.0,9,5,1.066777482163813,43.619918344720496,0.23684210526315788,0.2205089815600867,0.22523397283491925,-0.01035455920264935,3.6553375555555556,1.2916062108379929,0.18650493078498925,0,1.0000002417031446,1.0061875867216935e-06,-0.024304113893572045,-0.1353059738780031,1.5582193175215944,0.28796977124183004,0.179168581406258,0.6707399864222675,0.006109979633401222,0.005431093007467753,0.8888888888888888,0.11759720375392343,0.24630994179985674,12.560175054704596,3.7914411448333127,0.04156510808738114,0.05584631093089162,0.007950976708192519,0.030218760441932845,0.38283828382838286,0.19227409451242075,1.0000004834072478,2.0123756989508594e-06,0.11111111111111113,0.09733513892160903,7.398806345031768,0.0,0.7854619929363087,1.0714957654660786,0.1849320745638187
dermatology,0.07790169890741386,0.1462752252126032,1.1843107339397614,0.534258340764171,0.09289617486338798,0.9410570842752876,0.05050185759866821,0.9103738466141376,0.0,86.92517658140838,0.41871749609533415,0.27566916211995557,2.432597273889607,0.21399659219992428,57.90846994535519,9.852078064560295,0.6960635178648897,0.11623143162719854,0.22841441130654283,0.20700442652630668,0.2284142663125407,0.20700422490102413,0.8577588142825061,0.9999995569783351,1.7967228709768486,5.594687585055028,0.4530432759826457,0.297951912648815,0.09159765863345622,0.025454545454545455,0.16666666666666666,0.08312479505926303,8.731007542150639,0.797684014235629,0.31772307629975916,39.993852459016395,11.629130700710153,10.764705882352942,8.616874925167181,0.6857802941176472,0.7293484263916051,3.1821031618201374,0.5824219565090403,2.423353091971719,5.412920864629646,0.0,0.0,0.0011960311075355297,21,6.714285714285714,3.1645356237978604,0.047619047619047616,0.07999714186761263,1329.3056277056278,2190.300157124922,0.16666666666666666,0.11566626477610589,96.41479152408556,0.8862462301054077,0.20730236470588237,0.5119366633130199,2.778724705882353,1.2167292743407587,-3.044037288002479e-08,5.342584884503119e-07,-0.3527280264705882,0.3441779453755997,-0.9287061764705883,0.798250251777484,0.4348048460092308,0.23035511833045716,0.07377049180327869,0.03825136612021858,0.19206506370696033,0.2650273224043716,0.44195192736400196,20,0.5882352941176471,0.0546448087431694,1.6666666666666667,0.6513389472789296,1.1764705882352942,0.5285941398709244,34,1,0,6,0.0944741532976827,5,366,0.0,34,24,1.6861479418343903,1.7237753783328782,0.30357142857142855,0.2761942520673471,4.204789084760092,-0.5494929319313258,3.7074308823529414,0.9701500795297716,61.95892620248511,0,0.9999997784887905,8.522057703759924e-07,0.2059524896923868,1.3901824363794917,1.2859830677437567,0.25089443996776795,0.06136649233254878,0.1885245901639344,0.09289617486338798,0.060109289617486336,0.6470588235294118,-0.27260739877005347,0.19149304153826,5.902439024390244,3.2465741794142056,0.0799689064776736,0.11712105950138861,0.1436709449404762,0.16471688001348897,0.42384324057302813,0.22482186065755944,0.9999995569783353,1.7044117281680307e-06,0.029411764705882346,0.06976055036837091,1.6442964424362652,5.798749887464793e-05,4.913747297808066e-06,2.1034664671544716,0.2189015925783122
echocardiogram,0.040982226936336165,0.04963987938636495,1.801294794337735,0.7244703720529978,0.07633587786259542,0.913122490909417,0.21109142082768695,0.727680388598433,0.0,12.330970670423469,0.062559081149747,0.13962554232404234,0.913122490909417,0.43442622950819676,43.79007633587786,7.440909321621219,0.394658786092846,0.19471937954291915,0.14005156743298108,0.1344936074356163,0.14005148531649914,0.13449355550963757,0.8427480916030534,0.9999993325517675,0.6107451840198795,11.806719570717979,0.9127510756467136,0.13509782526620556,0.816793893129771,0.5190839694656488,0.5,0.24289927598011177,1.9815798467715064,0.703375685007808,0.2781996343220061,17.44083969465649,7.515422096561785,13.1,4.644060153856276,0.7690615500000001,0.4566598063277551,2.6370780645228735,0.7679062691010872,2.6351541756440815,3.1328351659777227,0.1266378945339076,0.14503816793893132,0.12213740458015265,19,6.473684210526316,2.674331090875947,0.05263157894736842,0.07590611581081443,596.3111111111111,635.265493854149,0.5,0.03721614637823934,1.125483206066955,0.9528582250451605,0.46275551683200006,0.3404102958074256,2.8948159999999996,1.484274512272653,-4.826717556139373e-08,3.6268400873873983e-07,-0.04760191999999999,0.3425944302125046,-2.1974531999999996,1.2111798850322035,0.07733922072427854,0.10365945986281583,0.32061068702290074,0.25190839694656486,0.4357753735122238,0.4122137404580153,0.4941228281998405,18,1.8,0.13740458015267176,1.8,0.7888106377466155,2.5714285714285716,1.3972762620115438,10,2,0,2,0.022222222222222223,1,131,0.0,10,9,0.6329282800797367,22.290831966868623,0.25,0.1571733104983315,0.5295187479507665,-0.2617705233595453,5.0922692,2.0934461917766014,1.125483206066955,0,0.9999996662757002,5.322029137946609e-07,0.1428821961461248,0.11225210780712629,1.4229253173791683,0.14094700845212607,0.21160139810036163,0.48854961832061067,0.07633587786259542,0.06870229007633588,0.9,-0.06963727244303804,0.2688240488583503,5.675675675675675,2.7593684266719647,0.09981702074347165,0.12487188976599992,0.13229851973684212,0.14809279309293943,0.379746835443038,0.1303491583632101,0.999999332551767,1.064405624971726e-06,0.1,0.13838633467962214,2.951166068598866,1.2402332270981267e-05,0.4704812520492335,0.9416516052448031,0.25173145184520496
ecoli,0.04676261379505285,0.06651145763494537,1.8753794109758803,1.2060738248120255,0.020833333333333332,0.7295818610637418,0.19966895899062098,0.6097915412509927,0.0,67.52486521600986,0.29177639838441116,0.22267140762379187,2.1887455831912255,0.3396846306859349,160.49255952380952,13.73433777166912,0.6773796914078273,0.16749832823773184,0.1840004702879739,0.19036017632908436,0.18400044566437682,0.19036015151618602,0.8700071073205402,0.9999995671905128,0.6917897536627153,4.5188794450455525,0.40965487433870473,0.14059565087595705,0.17111301109539692,0.04668439603032626,0.125,0.14505466838029737,11.18974489442622,0.7594940425856456,0.29816783173994515,115.47172619047619,23.92065437374338,48.0,6.333893425318919,1.0729309642857143,0.7706841657154433,3.57976916883281,0.9479065273989109,50.865922774626476,123.12242650205937,0.01206634493631849,0.014077291332538319,0.016293752034686117,55,6.909090909090909,1.8882946183412603,0.018181818181818177,0.041349228275805956,1630.9841269841274,1679.9652821681566,0.12499999999999999,0.08552221691921262,10.930261226982873,0.9642325680272109,0.7166519286609,0.5113086469420589,5.302555714285715,5.853437835010173,-2.1617772111179833e-07,2.698295023730903e-07,-0.14510361064285712,0.11803840568321766,-1.9635994999999997,1.4171810713991646,0.48435582533429633,0.3403957072878098,0.2767857142857143,0.19345238095238096,0.3955936224758532,0.19345238095238096,0.3955936224758532,54,7.714285714285714,0.16071428571428573,5.4,3.2041639575194445,9.0,4.427188724235731,7,2,0,8,0.047619047619047616,7,336,0.0,7,4,1.517122829952031,2.8719043167933758,0.20588235294117646,0.20098281827897116,3.1523931140960655,-0.4409741263937497,7.266155214285713,4.971160241474718,4.448417553228593,3,0.9999997835947193,1.0947084281488918e-06,0.22601329700840012,3.5733729071662426,6.731407171801446,0.15044654082495054,0.2377771314887205,0.4107142857142857,0.020833333333333332,0.017857142857142856,0.8571428571428571,-0.08199123475954741,0.07023288185543275,5.981651376146789,2.235991997004771,0.10727694486834899,0.09699967391479884,0.08725142045454545,0.08551398177829364,0.3347107438016529,0.19528869178109703,0.9999995671905125,2.189414348755825e-06,0.14285714285714285,0.13293539582707398,1.5939804327228606,2.268243965932495e-06,0.004883758716820723,0.5619604170620963,0.13301450146081123
fertility,0.08569779096328979,0.1525809138843264,1.1962699563880166,0.6209649008806893,0.09,0.5293608652873644,0.7322515212981744,0.34472267792161254,0.0,1.247967893936649,0.06723036400183441,0.16255024909201604,0.5293608652873644,0.5050587467362924,26.255,1.6101124560763205,0.21013604342537803,0.25078496463793754,0.12304287529341217,0.09384477031486768,0.12304295157887002,0.09384481724883043,0.8472727272727273,1.0000007514438929,0.4618615014178325,36.21793498882938,0.9874257717365977,0.01222539739885678,0.98,0.95,0.5,0.5374011537017761,1.0300254387493448,0.5230398580491987,0.2458337163361907,5.5225,6.50493645105955,11.11111111111111,4.145961731429321,1.5072125555555553,0.7077262769758007,1.7110148347216623,0.6131286876091494,-0.3695753683273755,1.5062985245558427,0.1071383440247119,0.12,0.12,23,5.478260869565218,1.6478516376673131,0.043478260869565216,0.09261890125436177,261.1619047619047,196.778693961088,0.5,0.2766939578556055,0.13485959233903852,0.9027000000000001,0.5679075841973333,0.7056800428465585,1.5349356666666667,0.8873111038246393,1.1293333334417353e-07,6.691191523110451e-07,-0.14385569333333337,0.5701208514033111,-1.7229604444444444,0.9705759869329025,0.01461598695371876,0.012257007558638337,0.24,0.15,0.3588702812826367,0.16,0.3684529491774707,22,2.4444444444444446,0.22,2.75,1.3887301496588271,2.4444444444444446,1.0137937550497031,9,3,0,2,0.0,1,100,0.0,9,3,0.3669249912727096,80.84667653138871,0.39130434782608703,0.1987758982057681,0.11883372467344781,-0.010835010054812633,3.2578961111111107,1.1572643143327763,0.13485959233903852,1,1.0000003757214648,9.607437164734484e-07,0.00813785278946339,-0.04255089818422032,0.9349270700179395,0.297828371902446,0.1773110322951986,0.27,0.09,0.09,1.0,-0.019745691407407374,0.19678868516329376,4.622222222222222,1.9457282918893342,0.12052624178944663,0.10311671217457632,0.15726902173913043,0.13018167134802586,0.48484848484848486,0.11234205718657518,1.0000007514438911,1.9214881306121076e-06,0.11111111111111113,0.050728178870754224,5.504353125256343,0.0,0.8811662753265522,1.2751092713435948,0.10755511049246089
flags,0.036996214560365184,0.062382519527392835,1.186549363451396,0.6836871511485517,0.14432989690721648,0.848779914618269,0.0972272386027615,0.49898160075160053,0.0,3.32298401308931,0.12094003728555973,0.08987452314075507,2.5463397438548068,0.42817216321967577,28.59471649484536,4.443656455131191,0.7845586536722855,0.09453181781231179,0.12111562750345883,0.11809824745994059,0.12111565426143045,0.1180982546109316,0.939639976496982,1.0000003488665894,0.8945504227409911,13.736080383853453,0.8888425998836397,0.08456327501713926,0.48350578291754814,0.020714285714285713,0.125,0.10385396459487134,3.451962464591765,0.8418133760660611,0.2903325375282843,22.57667525773196,4.608771109818832,6.928571428571429,7.4038101244193175,0.8388711375000001,0.9318700675356952,3.5475130995443394,0.5615539787915955,10.70609391108114,22.666734521164564,0.009356948017739453,0.010285472998600708,0.038109177753381365,57,7.368421052631579,2.2805981275860225,0.017543859649122806,0.026353187740372274,2992.1979797979798,4365.418154598427,0.12499999999999999,0.0735034780754481,3.333404710295344,0.98799022212775,0.30531098668499995,0.5521339703397563,3.7530485714285713,3.152512881129537,-1.703240059693702e-08,6.911866997433429e-07,-0.24611631071428566,0.425770211652056,-0.7767874285714287,0.519672668168711,0.18537600776186405,0.2166334508669106,0.6958762886597938,0.5618556701030928,0.4974428493680178,0.5154639175257731,0.5010538544034491,56,2.0,0.28865979381443296,4.666666666666667,2.9644356609443876,2.6666666666666665,1.879716290649558,28,13,0,8,0.018518518518518517,7,194,0.0,28,18,1.7649882142006925,5.400770939978648,0.345679012345679,0.2558141867230871,1.9079941418725805,-0.06677099839785582,4.529836,2.8923320171606757,1.5636803764807092,3,1.0000001744328304,9.651448228745357e-07,-0.06219411930227806,2.0382248631193236,2.4682238611610736,0.3119583455143715,0.19028791081562837,0.7525773195876289,0.14432989690721648,0.1134020618556701,0.7857142857142857,-0.18927543365617433,0.22416960014269482,6.442477876106195,2.566744926866604,0.08531265337855753,0.0981945989767514,0.07914439418859649,0.08820928448090497,0.45529748647788737,0.17965387993926493,1.0000003488665894,1.930289752552382e-06,0.03571428571428571,0.05788568099949106,4.083984053899346,1.478500963583335e-05,0.08646144215507057,2.211670170084221,0.23263743181972477
glass,0.08646069983674641,0.06958254586990041,2.0168573913192267,0.620017868913917,0.04205607476635514,0.8419982850006483,0.13573683529522218,0.49699954136482993,0.0,14.837129129944708,0.17215668455304822,0.15358342702419348,2.1765339923982006,0.2911410970959226,96.57593457943925,10.95413985092551,0.7152925987744754,0.12236875864574338,0.22769844350582089,0.18299206578968116,0.22769850797828145,0.1829921224816397,0.9085603966477995,1.0000002664310825,0.8715635476607178,6.175966711718481,0.7371034792738772,0.2260980392824079,0.2562574009990876,0.0616228415472629,0.16666666666666663,0.13898760091092968,2.654315218480041,0.832565441766081,0.2837175145219662,70.11799065420561,13.107948702333665,23.77777777777778,4.470947323706887,0.8192878611111111,0.3425931239904002,3.840971415476929,0.569734453583546,9.532685641706719,16.63181775873363,0.02399495018330273,0.041446539921859975,0.047930166301547776,50,7.24,2.3172820109704704,0.02,0.03202936971401623,2456.5391053391054,3766.6006502721784,0.16666666666666666,0.10557777543908882,5.492070349655641,0.970674294698227,0.41151363535333324,0.30427730663296326,4.8215200000000005,1.9961506877988946,-5.6427829707662784e-08,2.5389855501192396e-07,-0.09954589444444444,0.33195567959778194,-1.9638813333333331,1.1802555221238114,0.3524199682404981,0.1490519927012109,0.5,0.27102803738317754,0.4455327234456733,0.2523364485981308,0.4353716871699471,49,5.444444444444445,0.22897196261682243,4.083333333333333,2.503028468705763,5.444444444444445,2.8333333333333335,9,0,0,6,0.05555555555555555,5,214,0.0,9,8,1.5086584002236942,4.722880577365255,0.225,0.12329561686435073,1.532337788656493,-0.22589181901859876,6.785401333333334,1.832575811589728,4.473434288717518,2,1.0000001332154564,4.130152103590804e-07,-0.033645199962431774,1.6294992347333102,2.2811616256234473,0.008961343715966666,0.009965682017666592,0.5607476635514018,0.04205607476635514,0.028037383177570093,0.6666666666666666,-0.10021452870085468,0.22961997426635158,6.3232323232323235,2.5865755583289163,0.0811211954274101,0.11118479762058897,0.087314453125,0.10137849436949951,0.35127478753541075,0.11480972049559879,1.0000002664310825,8.260308019491414e-07,0.1111111111111111,0.061278914984108535,4.169759323450461,5.204050103263983e-06,0.07850333377331803,0.5703515333252637,0.23121856027736276
hepatitis,0.07761907564230013,0.1459226112766815,1.1584414333239106,0.8257696277115367,0.12258064516129032,0.7346451526501955,0.5126601869621742,0.6473254916051026,0.0,9.11676261756461,0.1192173617833445,0.1741035828430283,0.7346451526501955,0.515168377970848,37.755645161290325,5.081820235161086,0.31421032098769025,0.23721008111688008,0.17005371179279427,0.13888602210972942,0.17005379431084627,0.13888615692214126,0.8386258902387935,1.000000186617216,0.9559300343696189,14.087244343817956,0.9437642661660085,0.04981219148068693,0.8129032258064516,0.5161290322580645,0.5,0.41514011024500536,2.545551382246196,0.6450272449799243,0.281790227590762,11.736290322580645,8.757783733437302,8.157894736842104,6.372891646588016,0.9498235,0.8499955577783594,1.8409369153415676,0.7960479532898925,2.1148028511078394,4.049610313405208,0.09385893825370728,0.10967741935483866,0.08387096774193548,23,5.869565217391305,2.2013290990607333,0.04347826086956523,0.09114035725034933,434.43174603174606,455.3153665676061,0.5,0.03074377309506726,0.7212601386452628,0.9132986472424558,0.24383137914726313,0.434788514677954,1.7685716842105264,1.7321442241617453,-9.41120543271094e-08,7.547738920386948e-07,0.19334980157894732,0.5354715724390422,-2.403190105263158,1.140221026702518,0.05214967063253837,0.04899916435562449,0.3032258064516129,0.16774193548387098,0.37484810497243337,0.05161290322580645,0.2219613979278558,22,1.1578947368421053,0.14193548387096774,2.4444444444444446,0.8819171036881968,1.8333333333333333,1.0298573010888745,19,3,0,2,0.04678362573099415,1,155,1.0,19,12,0.5092172162715136,21.213782355148957,0.3653846153846153,0.2532570194605223,0.4190302920817877,-0.18538153561483234,4.171761789473684,1.2826805728763486,0.7212601386452628,0,1.0000000933082134,9.074449887181192e-07,0.1006242785962153,-0.29386400818429737,1.710589284604437,0.256362496530334,0.17884957718883437,0.47096774193548385,0.12258064516129032,0.1032258064516129,0.8421052631578947,0.10126142039615164,0.2768944077951594,5.022222222222222,2.407270133356349,0.10396131944352939,0.11313135332606496,0.15387228260869565,0.1394175550393372,0.4714285714285714,0.1674515222764967,1.0000001866172155,1.8148907043188202e-06,0.05263157894736841,0.06868764692919847,3.202684512614205,3.85390103032476e-05,0.5809697079182123,1.521096908270874,0.22989255885622337
ionosphere,0.11412145595178412,0.0647403641820742,2.5796437812649193,0.48481769547685166,0.09401709401709402,0.9418285354475157,0.14738124238733263,0.7873961345981882,0.0,19.451153184403623,0.05481801495124309,0.08277610958859961,0.9418285354475157,0.33031612749877515,73.24127492877493,24.077708357047925,0.42504501113614174,0.19540129827827296,0.23056207655447616,0.17447829483399357,0.23056209377075343,0.17447828905929275,0.8431257631257632,1.0000001216217917,1.6604061440921196,5.708295733133166,0.9472083466833026,0.0747791672100165,0.8091168091168092,0.0,0.5,0.19944037418082114,2.7475826299005544,0.7206689194546072,0.31328983569384006,26.59027777777778,11.969235894028689,10.636363636363637,8.498544221011247,1.142565015151515,0.390303665805439,3.3564793696966078,0.46904498860778604,0.3199596054288327,1.0717159943206411,0.055378571902198526,0.056980056980056926,0.0883190883190883,23,5.521739130434782,1.7286243931201823,0.043478260869565216,0.09514140745150204,274.8,204.57909995531836,0.5,0.15371886547533642,1.631528205827217,0.9101224827720554,0.7341950591207272,0.28067900380186384,1.431587090909091,0.5322699647511099,-4.4912803247462826e-08,3.232140128196011e-07,0.13282934666666668,0.22154806483122613,-2.34287,0.4120437416100383,0.16499294701582767,0.08877176794716937,0.1737891737891738,0.09116809116809117,0.2882589167626963,0.27635327635327633,0.4478320226977081,22,0.6666666666666666,0.06267806267806268,2.75,1.2817398889233114,1.1578947368421053,0.3746343246326776,33,1,0,2,0.09848484848484848,1,351,0.0,33,20,0.652825793916348,14.634873053194546,0.15714285714285714,0.07187716980027302,0.6199926727801682,-0.2940438328460437,3.774457090909091,0.3810735958092908,1.631528205827217,0,1.0000000608106472,7.136164392939916e-07,0.1644503702496695,-0.5794880028509436,0.6432275483443664,0.016176189523173897,0.08659888725410989,0.3162393162393162,0.09401709401709402,0.06552706552706553,0.696969696969697,0.0997122379398248,0.13361830873707162,4.666666666666667,2.0113315354397807,0.12174447537121658,0.09828140804560678,0.15794836956521738,0.1308756778714074,0.2651313017834574,0.08043855261706534,1.0000001216217917,1.4272329320929368e-06,0.03030303030303031,0.08506754608122565,3.9167542916890676,1.7922651644536728e-06,0.38000732721983177,1.7897476067724176,0.5344734366057298
iris,0.20922243392447845,0.1199501962378471,2.279010448380773,0.05742641939520074,0.02666666666666667,0.9999999999999998,0.0,0.7254857531445987,0.0,189.17392419537393,0.2723259420428617,0.1425894838789649,1.584962500721156,0.2657956690491845,67.12,5.359298511644294,0.4956228924430114,0.07772416477139209,0.5898156206424913,0.34191469621042214,0.5898152707479015,0.3419147107027322,0.8339149888143177,0.9999991803510465,1.3346212118354905,1.8824081456478547,0.2798147093229062,0.26490054773302574,0.12333333333333334,0.043333333333333335,0.3333333333333333,0.0,2.8312686663384796,0.7846840957672505,0.3165015690659941,42.626666666666665,5.358048160429828,37.5,3.082306552315482,1.6680595,0.39278345480132776,3.0219863138519676,0.3873804692593545,-0.7953743346284127,0.7583560632074234,0.004348332727217093,0.013333333333333345,0.0,9,3.7777777777777777,1.2018504251546631,0.1111111111111111,0.15051762539834182,37.46666666666667,13.142298124757328,0.3333333333333333,0.22222222222222224,32.54940353931741,0.8164,1.12959471912,0.22369598306372837,2.2683875000000002,0.6583865349663525,2.289999999760539e-07,2.2963707277047944e-07,0.0727633,0.20576876773948632,-1.8244375,0.4417529533102561,0.8419866352499612,0.42517984298139266,0.10666666666666667,0.06,0.2382824447791588,0.02666666666666667,0.16164700403963203,8,2.0,0.05333333333333334,1.6,0.8944271909999159,2.6666666666666665,0.5773502691896258,4,0,0,3,0.5,2,150,1.0,4,1,1.0986122886681096,1.7067062028890772,0.2,0.04932290074612092,1.1872066966578652,-0.6284328403497079,4.092825,1.0961593754407553,32.27183660563162,0,0.9999995901752731,6.660111618800014e-07,0.3797533274772973,0.06603450403369167,0.2988635269211226,0.0287147773948895,0.011032357470087495,0.12666666666666668,0.02666666666666667,0.013333333333333334,0.5,-0.010743784999999987,0.046286193822481045,3.0588235294117645,1.4348601079588785,0.19491705385114735,0.13300709991513865,0.2708333333333333,0.10711960313126631,0.32,0.08469447657560737,0.9999991803510466,1.3320217169847498e-06,0.25,0.27845186989521703,1.0707800238442857,2.9443715096298188e-05,0.023525537927656884,0.4621899576816827,0.056218802177365405
lenses,-4.250000502224812e-08,4.522670691468461e-09,0.9795739585136224,0.04085208297275528,0.16666666666666666,0.8366680755922804,0.29571663920922564,0.7282008049396087,0.0,3.8606751807332005,0.2662325821400103,0.2727415977555798,1.3260875253642983,0.8200000000000001,7.0,0.0,0.3774782549246245,0.22490115796068938,6.83308824101089e-18,8.236363263046465e-18,6.833100212547569e-18,8.236377766932463e-18,0.8623188405797102,1.0000008678630437,1.7781086956158987e-06,5.351730527107395,0.7311631944444446,0.2698239701035917,0.25614035087719295,0.03333333333333333,0.3333333333333333,0.25344843876242584,1.95118244637195,0.5021134771656399,0.44443680492102633,3.6875,1.502262786020099,6.0,2.8599665966296492,2.0678975,0.22001500000000007,2.057874806531696,0.23712284162688255,-1.966796875,0.22960069444444453,0.01583156441833004,0.01666666666666668,0.0,7,3.2857142857142856,1.1126972805283737,0.14285714285714285,0.16467058667655898,23.333333333333336,6.024640760767093,0.3333333333333333,0.08247860988423225,2.6686498266933705,0.8888888888888888,1.5329324167499998,0.16309711950000003,1.03394875,0.11000750000000004,0.0,0.0,0.0,0.0,-1.03394875,0.11000750000000004,0.24778667734622417,0.25816240962242964,0.2916666666666667,0.125,0.3378319623460881,0.25,0.4423258684646914,6,1.5,0.25,1.5,0.5773502691896257,1.5,0.5773502691896257,4,3,0,3,0.0,2,24,0.0,4,0,0.9191738293819782,2.953295508074859,0.5,0.0890870806374748,1.0753470197887092,-0.2533696465818486,2.0678975,0.22001500000000007,1.9667722255525115,2,1.0000004339311312,8.890535668215626e-07,0.09348047964154027,0.0,0.0,0.4347826086956522,0.08695652173913043,0.3333333333333333,0.16666666666666666,0.16666666666666666,1.0,0.0,0.0,2.6153846153846154,1.325296290046213,0.2580005327400437,0.08275120230510061,0.32142857142857145,0.0983494740586804,0.5,0.0,1.0000008678630434,1.7781086956714098e-06,0.25000000000000006,0.10787577804781173,1.6002663413977618,0.0038490063572185285,0.19805575798906896,0.9176341956274593,0.03336315224777333
libras,0.1004357681023288,0.12557243347172725,2.806897701080549,0.0003916952627915267,0.25,1.0000000000000002,-2.220446049250313e-16,0.675259496974797,0.0,15.72362871613966,0.1535278205882133,0.04166658141013349,3.9068905956085187,0.17948642092183886,41.91701388888889,8.917154906584685,0.9221157735896229,0.008741763629121825,0.26654848584003527,0.2773142296563861,0.2665484802670605,0.27731422284712115,0.9631538223460229,0.9999999760476115,3.648819834690498,5.632773834596961,0.6104781412469789,0.16432131719197748,0.24226190476190476,0.0,0.06666666666666667,0.0,3.7466963070602937,0.9419494601804239,0.2211801411976947,37.176128472222224,8.163117068189347,4.0,13.172984665297777,1.5156293527777775,0.10190970849206,6.020188533884449,0.17257104511119895,-0.727678544951867,0.1905426734011355,0.0012252822728100762,0.0013888888888888883,0.008134920634920636,74,7.378378378378378,1.8631443646056305,0.013513513513513514,0.015702208275680866,3014.397691197691,4392.327599265,0.06666666666666667,0.024209653918718037,30.15824818427741,0.9874614197530864,1.1198215260412132,0.0759119166964398,2.181423444444444,0.255930772614683,-8.196450618170446e-09,1.217069886102876e-07,0.027905700605555556,0.06924897521942032,-2.4254465555555553,0.26341627409632273,0.6935997628046195,0.17258482559479338,0.4166666666666667,0.12777777777777777,0.3343068421164242,0.1,0.3004175367365063,73,0.8111111111111111,0.20277777777777778,6.083333333333333,4.832810839052218,1.489795918367347,0.793789670389031,90,0,0,15,0.19550561797752808,14,360,0.0,90,10,2.7080502011022105,3.0468550475430676,0.14285714285714282,0.0035962621106358857,6.869278298919609,-0.24279247395830966,4.606870000000001,0.395345078469004,12.230767540983456,0,0.9999999880237929,1.6009692689214386e-07,0.020819649430140672,-0.18582298310512704,0.17049190189343902,0.0022127659357601462,0.00041658410913528534,0.5472222222222223,0.25,0.025,0.1,0.03888856380838477,0.04015913318490539,6.4353741496598635,2.2362763424051946,0.0880339111987476,0.0825429980924303,0.06888064822635136,0.07464360650318293,0.24489795918367346,0.029892183786137023,0.9999999760476116,3.201938451130377e-07,0.011111111111111112,0.019661169207936948,3.742515677447022,6.448788770418225e-05,6.866544822933005e-06,2.691546555856709,0.31233048312049516
lymphography,0.0474368922988876,0.053818261386483365,1.037273117308207,0.5107324409266165,0.12162162162162163,0.6138387509732901,0.31679325924261603,0.7276761588723014,0.0,11.010182730819595,0.15641426753983922,0.15674060572089335,1.2276775019465802,0.49277815798004543,26.62964527027027,3.8487793835460056,0.47691752215973343,0.12086094506783078,0.17608854222375228,0.1316046412868681,0.1760884780203353,0.13160462790536692,0.8739658025372311,0.9999994605849483,0.9315831268609736,10.430879470477771,0.8134189817604439,0.1821202125379011,0.17336902258194717,0.15258215962441316,0.25,0.27100126370216693,5.570038751912755,0.6792453931611763,0.33371183932471893,13.030827702702704,2.6075734174562792,8.222222222222221,8.452241698540506,1.1254894444444443,0.8940290218151048,2.1472541675393546,0.48577222689559646,2.283238710488356,7.949815408725627,0.017117063339370426,0.014084507042253521,0.008215962441314562,30,5.566666666666666,1.4307782626184984,0.03333333333333333,0.06295868519975004,336.2666666666667,237.6401330598906,0.25,0.21169509870286282,8.15320056368201,0.9569485025566107,0.41316550709,0.7171274150540541,1.8991416666666667,1.5118920918754126,-2.2147147152368234e-08,9.899237912449637e-07,0.10166637222222218,0.5577539995883783,-1.343092777777778,0.7808944775676879,0.11769645171543222,0.0846958655770203,0.35135135135135137,0.22972972972972974,0.4220873719815852,0.3108108108108108,0.4643970760416917,29,1.6111111111111112,0.19594594594594594,3.625,2.065879266282796,2.0714285714285716,1.2066664642907567,18,9,0,4,0.013071895424836602,3,148,0.0,18,7,0.8509611991111489,7.813121399922382,0.40909090909090917,0.2444512853446488,1.6908305392507155,-0.276901079852078,3.2422344444444446,1.1216148887318007,6.395425795150485,2,0.9999997302917214,1.2316854466081327e-06,0.0614691009074179,0.7406283298674867,1.842556794103469,0.3707482993197278,0.14098057988853432,0.5743243243243243,0.12162162162162163,0.10135135135135136,0.8333333333333334,-0.044666585185185195,0.24551699283065037,4.677966101694915,1.8236064870252982,0.137159071592688,0.11383695841484145,0.14401041666666667,0.09955711068294379,0.4857142857142857,0.1505378662893056,0.9999994605849479,2.463370731923234e-06,0.055555555555555566,0.057725485420774755,2.1992633796915904,2.749400255966681e-05,0.0422431159124972,1.8610210893755272,0.19023499418180906
mammographic,0.09200772633693616,0.10394898774557923,1.740410560151544,0.9506423293271661,0.005202913631633715,0.9960589654112921,0.010857648708433087,0.6390793489510155,0.0,186.4429056442442,0.1494428763566188,0.1539549239728714,0.9960589654112921,0.38694441125151346,436.07180020811654,34.79958124726563,0.43348121425457714,0.08885748031534453,0.22601264344927136,0.17639143212197417,0.22601300280624578,0.17639198287989435,0.8585544571626778,1.0000009655108848,0.6288266688859745,4.984172598451524,0.8372309144504635,0.13266574577855256,0.9864724245577523,0.9854318418314256,0.5,0.052242020254157015,1.8082724840494515,0.7213120910259027,0.35397532803475595,208.21800208116545,30.371072338040612,192.2,2.999893723744137,1.2135324,0.9295226181319097,2.536625128978186,0.9516546521966303,132.72159915873777,295.74136549547234,0.11841495480893605,0.16649323621227885,0.12799167533818934,255,12.254901960784315,4.477604539439622,0.00392156862745098,0.007376937444863794,2914526.846276937,10610693.424405517,0.5,0.03050264546294912,0.6903953498200252,0.9929043302751102,0.7843060747200001,0.7793947122519963,6.995729999999999,11.908117921371959,2.9612903226927175e-07,4.3381372444185373e-07,0.157447,0.2142326602901621,-2.5637440000000002,0.8315676168418297,0.19984439658465006,0.12575831110632002,0.37460978147762747,0.24661810613943808,0.4312669185630011,0.4037460978147763,0.4909032003696804,254,50.8,0.2643080124869927,11.043478260869565,6.964052248182448,50.8,49.047935736379365,5,0,0,2,0.1,1,961,0.0,5,3,0.6904154635462932,7.708828417985395,0.20833333333333334,0.1987466767178758,0.4084224142556538,-0.1873363260939832,9.559474000000002,11.892933912583556,0.6903953498200252,0,1.0000004827547861,1.1614119498884972e-06,0.19843043578287076,4.058701173087843,10.84090982629858,0.1437164307164307,0.07723599562597977,0.2736732570239334,0.005202913631633715,0.005202913631633715,1.0,0.0938202419064125,0.16433610515581848,11.280943025540275,4.659007267138725,0.042741768122849556,0.06500565885927902,0.022072220783607634,0.046781273334162564,0.3486238532110092,0.19160670184553122,1.0000009655108841,2.3228247561519124e-06,0.19999999999999998,0.18285195641894525,1.8352041354772886,0.0,0.5915775857443462,0.5573859250516249,0.11970195707627099
nursery,-5.0505963756539104e-08,1.5726261267222307e-08,1.7077222622214983,0.3980760863203709,0.0006172839506172839,0.7392545462382466,0.14987383986928615,0.4020939653076165,0.0,544.6104375659304,0.08492948269552139,0.18293742583216344,1.7164959001837936,0.5150565908142779,3237.151697530864,176.59179895681743,0.601713884684841,0.06836852495105453,8.125536483551263e-18,1.8309855449735473e-17,8.125546206075832e-18,1.8309878518645064e-17,0.9133500455853647,1.0000009703191837,3.5704816144212722e-06,10.63031319946154,0.8560514568024944,0.2629936083196305,0.26569067478004565,0.12503265128428384,0.2,0.1713690966977494,3.9855399352100926,0.8056874361869881,0.2791074953136622,2139.642438271605,205.4317470164355,1620.0,4.022911597472462,1.9813387499999997,0.5315128416690149,3.262746353628224,0.5186627510494672,-1.5027308721257824,0.21681094844204,0.0129947278017695,0.017299402246058814,0.01799435081766796,201,9.935323383084578,1.9801000024999995,0.004975124378109453,0.024954759537818123,33740.59704739705,31145.623324877353,0.2,0.23863488896726728,4.1169629170584034,0.9995659305460296,1.4773508546999996,0.30630328019131875,1.230050125,0.14027664158515746,4.166666666993792e-08,1.178511302010845e-07,0.033406375,0.094487497189443,-1.263456375,0.12770289380090416,0.1614718087770678,0.3285552831492654,0.2435956790123457,0.12214506172839507,0.3274659063871718,0.39814814814814814,0.48953517889634673,200,25.0,0.015432098765432098,15.384615384615385,12.68554598442956,25.0,23.133154932755218,8,1,0,5,0.0,4,12960,0.0,8,0,1.1897842936551017,9.575977783089211,0.2962962962962962,0.07916947813271392,1.1515882653413203,-0.2403611184875921,2.4935064999999996,0.2510842691340329,3.54515426217105,1,1.0000004851580795,1.7852419326773101e-06,0.021013516693185585,-0.04771980143277049,0.1349719807599502,0.316613936260514,0.09042048901362021,0.5132716049382716,0.0006172839506172839,0.0006172839506172839,1.0,0.011135486111111126,0.03149591096390112,8.962593516209477,2.3719395559031122,0.0824775754153568,0.1024317955424733,0.02081511388370647,0.04231359233905488,0.4208860759493671,0.043842620130380656,1.0000009703191832,3.5704816153133106e-06,0.125,0.16525795957545983,3.1447442530886076,6.064051851297687e-09,0.13930709686643564,1.3544832204206507,0.055318319019084176
parkinsons,0.13478792361252312,0.15575532278363582,2.319973081433599,0.009000632197165546,0.11282051282051282,0.8051250074646823,0.40986074520135485,0.701956356074113,0.0,27.362785584785875,0.05106460367040418,0.020259525038955437,0.8051250074646823,0.41587512596753784,71.37371794871795,12.429159702582675,0.35598601442495437,0.21691979984017762,0.5017544818774455,0.3035765456738555,0.50175449811406,0.30357656118789744,0.8488501189532117,0.9999999877128727,2.749069239871198,5.039326416769969,0.8758284604471654,0.07020241256089273,0.6410256410256411,0.0,0.5,0.358992673525478,3.8270245587366687,0.6904278994261964,0.29685346576543226,25.17051282051282,15.986567001014558,8.863636363636363,6.073496049382056,1.1270284022727273,0.297539107221588,2.9653297109687684,0.06228842508028385,5.262560917181575,6.230886087178443,0.07737829493940418,0.08205128205128209,0.12307692307692308,15,4.2,1.01418510567422,0.06666666666666667,0.13044202402027594,75.2,39.6614242234009,0.5,0.04714045207910316,0.9713862194324624,0.8953846153846154,0.7482875948863636,0.2618449557757459,4.335774545454546,1.6341598747506383,-1.4374965034022498e-08,9.205920258965354e-08,-0.20998353181818183,0.14091756147598997,-1.4709372727272727,0.7231500297918282,0.15976837792951287,0.0625111727524056,0.15384615384615385,0.06153846153846154,0.2409339480594585,0.23076923076923078,0.4224095377771143,14,0.6363636363636364,0.07179487179487179,2.3333333333333335,1.3662601021279464,1.5555555555555556,1.0137937550497031,22,0,0,2,0.5108225108225108,1,195,1.0,22,19,0.5580701289224494,13.520852696252147,0.2,0.010580620312864247,0.4927427258328469,-0.06359091027949755,5.806711818181818,1.1297094443801803,0.9713862194324624,0,0.9999999938564117,2.2595421554445287e-07,0.07635128896962769,1.631860139003123,1.3147976952667513,0.0024540135492048284,0.010126558817018906,0.3230769230769231,0.11282051282051282,0.041025641025641026,0.36363636363636365,-0.16859517353092462,0.10933323230302423,3.3793103448275863,1.4494775685311163,0.19028747628660592,0.15538328438946714,0.24375,0.09896224929595267,0.31999999999999995,0.06437866520370802,0.9999999877128727,4.5190838953697395e-07,0.045454545454545456,0.09735144572607747,1.8660393043523942,6.824280563025998e-06,0.507257274167153,1.0095913596803028,0.2643790416917703
pima,0.02884043879647566,0.032110536993722905,2.958105757854844,0.34168940624694744,0.010416666666666666,0.9331343166407832,0.16724669384508295,0.5506842342006633,0.0,47.4341127993911,0.012489816958077828,0.008523298017724576,0.9331343166407832,0.4762311044547294,374.9505208333333,17.268788108988737,0.44437784894590066,0.15293692894566122,0.17165677337876992,0.13243389220435856,0.17165672586952002,0.13243384829584873,0.8690277325076053,0.999999812643593,0.6091198417689059,12.954877983803813,0.9416866144999496,0.07013608742337812,0.9934895833333334,0.9778645833333334,0.5,0.21360517348343622,1.4320396604149024,0.7417449325142743,0.2638704384349159,169.6875,54.74741395784561,96.0,4.003446859956366,1.32421559375,0.3294545287237228,3.819210502483649,0.33576329242709607,2.73456230799041,2.9133877087953985,0.14733545141038562,0.2265625,0.17317708333333337,129,8.534883720930232,2.1652313373369707,0.007751937984496124,0.017485848158126562,12903.437007437005,22893.9153051673,0.5,0.027407239580873946,0.4352414585915908,0.9893815782335069,0.8031083217438749,0.21933249838232968,4.3800687499999995,1.4384957231818591,1.6476953124852702e-07,3.806965347520299e-07,-0.144501016875,0.22674751495662715,-2.094982375,1.4309903837370754,0.07202957201197785,0.051608772198093886,0.4361979166666667,0.3020833333333333,0.4594604094843525,0.3671875,0.48235234785756226,128,16.0,0.16666666666666666,9.142857142857142,7.543281706333054,16.0,7.892129895390362,8,0,0,2,0.03571428571428571,1,768,0.0,8,8,0.6467994206632901,40.06793467220572,0.11940298507462686,0.056051036078454505,0.30325312579717095,-0.1637623495589401,6.475051125,1.155176877507193,0.4352414585915908,0,0.9999999063216949,4.7113166224959504e-07,0.09207919901991198,0.5271808458901492,1.3216032591129208,0.015922964296627953,0.018549250712783114,0.6875,0.010416666666666666,0.010416666666666666,1.0,-0.11359281998268399,0.13795549593533757,7.571984435797665,2.5178412504081367,0.07804685605941047,0.09221602067974988,0.043942473655523256,0.05786230687049259,0.21071428571428572,0.06311678933261766,0.9999998126435927,9.42262939976669e-07,0.125,0.10341615006765859,3.6503158002283085,2.1462515038966527e-07,0.696746874202829,0.5780190182684936,0.11967697105835924
planning,0.06247305714069439,0.11401993939701677,2.3217614593051623,0.0001254254183115398,0.06593406593406594,0.8631205685666311,0.31034482758620685,0.14652159338887163,0.0,0.22050015059384812,0.003037381513991575,0.0017225263238677692,0.8631205685666311,0.5557516079458136,77.74175824175825,8.937866829735825,0.4117139198302505,0.19392486990197874,0.2065029565677473,0.2522978579895833,0.20650296687905373,0.2522978612998996,0.8779066237629773,1.0000000663914124,1.1242769858360662,97.20473725299146,0.9987764977858117,0.0010361055991789496,0.9010989010989011,0.5659340659340659,0.5,0.30304576336566325,0.267482036322567,0.7068426218604678,0.23653334045469887,32.08791208791209,15.728658856644225,15.166666666666666,4.619098259116868,1.2509466666666669,0.10808827846778199,3.1760026193886426,0.005116887823375684,0.45354561994860654,0.667312070804698,0.2218022748706876,0.2857142857142857,0.2857142857142857,38,9.289473684210526,3.1443462323698532,0.02631578947368421,0.031580533391485976,6911.62433122433,7527.816796209247,0.5,0.03721614637823934,0.021939589094255023,0.9862939258543654,0.929744014993325,0.08021225323037344,2.4798916666666666,0.3384309382438403,3.689194139331437e-08,1.2168586210554917e-07,0.009185420500000001,0.044140417033168705,-3.046806666666667,0.628733944444683,0.008879408483150534,0.005055793471683726,0.6043956043956044,0.37362637362637363,0.48510069919694243,0.3516483516483517,0.47880205886342375,37,3.0833333333333335,0.2032967032967033,2.8461538461538463,1.7246329970051526,3.3636363636363638,2.2482316283126735,12,0,0,2,0.16666666666666669,1,182,7.0,12,11,0.5982695885852573,260.477041371721,0.19999999999999993,0.003068396775594876,0.021468577329213832,0.022341551008544295,5.526698333333333,0.5607967739797196,0.021939589094255023,0,1.0000000331956944,1.578631210599016e-07,-0.010766290934139375,-0.16093828541382527,0.3164373642082201,0.00020739159551314283,1.6810829877141216e-05,0.9065934065934066,0.06593406593406594,0.03296703296703297,0.5,0.012028498918181819,0.032470068809317285,8.426666666666666,3.2348329391398476,0.06950009677695888,0.12643977398766945,0.062422902960526314,0.1278986637913741,0.32,0.04017596264774273,1.0000000663914126,3.1572625369766043e-07,0.08333333333333333,0.07140642520568447,24.215983644401263,1.4312644621925359e-05,0.9785314226707862,0.8162284643273593,0.1390903599290024
seeds,0.2394468069050579,0.20868430233084984,2.3218579864626365,8.744056841708749e-05,0.03333333333333333,0.9999999999999998,0.0,0.8956314115810358,0.0,221.73965455351254,0.23474911421157924,0.10252652132261778,1.584962500721156,0.2953584710656286,87.975,8.093897961459998,0.5322776219651657,0.07567252416513709,0.6115307639309927,0.3356029580655755,0.6115306061362047,0.3356028928954379,0.8446115288220551,0.9999997034352663,1.835388184323549,2.054824476525204,0.31822689688093986,0.21095891327985986,0.21666666666666667,0.0,0.3333333333333333,0.0,3.365653985281344,0.7974904324584053,0.3259064925080814,53.625,8.06031019740983,30.0,4.069140534376583,1.598167642857143,0.1574678569620014,3.135483315163438,0.33808131952392645,-0.7642930417346822,0.4335284602639853,0.008660251334964508,0.014285714285714271,0.021428571428571425,16,4.4375,1.0935416468216166,0.0625,0.1052064881071206,89.46666666666667,40.525613299903725,0.3333333333333333,0.14433756729740643,9.152716045464194,0.8854421768707483,1.06488204606,0.15277718766415113,2.305292857142857,0.4027104881803753,-9.427687066999538e-09,1.0375891089795101e-07,-0.1409824857142857,0.1525622167118651,-1.8346742857142857,0.3951421582526615,0.7713371720203543,0.33804736041862166,0.12857142857142856,0.06666666666666667,0.25003986922918264,0.0380952380952381,0.19188361323950345,15,2.142857142857143,0.07142857142857142,2.5,1.378404875209022,3.0,1.4142135623730951,7,0,0,3,0.6190476190476191,2,210,0.0,7,2,1.0986122886681096,2.010172555772233,0.20000000000000004,0.0020004001200400125,1.6064510592556245,-0.6124880060954055,4.1399671428571425,0.5571219022713755,6.236761595634668,0,0.9999998517176164,1.1786568375916128e-07,0.3675516825116181,0.2636107198618896,0.3752383178096223,0.0007820550746615981,0.0006242293961254164,0.21904761904761905,0.03333333333333333,0.014285714285714285,0.42857142857142855,-0.06832552364931974,0.08066391326114603,3.6129032258064515,1.4983862286882446,0.16984533482253455,0.07844538137044721,0.220703125,0.1126554192641585,0.32,0.0784305821525441,0.9999997034352666,2.357313456307472e-07,0.14285714285714285,0.21802437473299785,0.9746863904310122,1.579993620500252e-05,0.03528727344442986,0.6441030442516738,0.07268048023268893
soybean,0.4645103880544569,0.24152401470132118,1.8059298568378475,0.4907019256246147,0.05124450951683748,0.9072752420349781,0.03823539869632786,0.8322555278669224,0.0,48.80546687923542,0.16397011553156074,0.09702698366899619,3.78326971495128,0.165817240692813,85.74853587115666,18.065740740575134,0.8558380027885749,0.06886862634739531,0.14934241245094446,0.137422056818351,0.1455362987078084,0.13405144976669325,0.9378968926978184,0.9731087001836234,1.170260119265199,8.010616534348188,0.44467744595443276,0.2553349579833612,0.023545170736588288,0.0029447676506500035,0.05555555555555555,0.04450416831586723,8.216992850884603,0.8891120988262583,0.29397480721763797,71.05581991215227,12.433238181957869,19.514285714285716,9.25722113805107,0.9058157070364211,0.9191541641219885,5.1169176071326925,0.4226635349934825,6.815243201386733,21.172009680825685,0.000410375945508521,0.0005386770092652448,0.0007630423614030167,76,8.263157894736842,2.7874405036526797,0.013157894736842105,0.021096321410554397,9901.92474192474,17357.87609863226,0.05555555555555555,0.05077121448592204,3877.4183708206706,0.9719543226099651,0.30208158997564427,0.6104299216782539,2.768690783475926,2.165178142860629,5.686258101334856e-08,3.278972188502052e-07,-0.21148334786942713,0.4513646278787986,-0.836479246208759,0.6564681033881097,0.47228196465643446,0.30551487913096287,0.18448023426061494,0.08052708638360176,0.2723068883092701,0.3967789165446559,0.4895879433526154,75,2.142857142857143,0.10980966325036604,5.357142857142857,3.1770122117182042,2.5,1.5920058915156972,35,0,0,18,0.02689075630252101,17,683,0.0,35,19,2.6223627362163078,2.8238382830298985,0.23809523809523808,0.14374097153696608,12.211801714769772,-0.41247565555503996,3.605170029684685,1.8291269435994435,1702.4325292045153,2,0.9864247759173818,0.008778579207770507,0.18965705193245583,1.6870164813801447,2.358315772091856,0.19467123506294012,0.05482571108447665,0.2679355783308931,0.05124450951683748,0.03513909224011713,0.6857142857142857,-0.1721407451736091,0.21339622928257054,7.324503311258278,3.034358073517741,0.07543183906548336,0.10730091740526636,0.06349101819490131,0.08121422681217194,0.36370582617000957,0.18603574537507778,0.9731087001836237,0.017164013768379633,0.028571428571428567,0.03646570829276194,1.7316894790637394,0.0,1.620112781430148e-18,2.4430754786235105,0.3110858573795682
spect,0.4537011015742399,0.10280358113316346,1.695582114562091,0.16863017604363803,0.0830188679245283,0.9790981671667148,0.0560553633217995,0.543282793504855,0.0,9.7997162482887,0.021009417107389478,0.02005262820081799,0.9790981671667148,0.5248569904165006,40.92948113207547,8.915173740538082,0.46040719008294545,0.111629279463107,0.18856401345851473,0.15422200258072086,0.1821560624105626,0.149217592340735,0.8787307032590052,0.9658098577532986,1.1035099581001935,25.55128647406838,0.9640808367765555,0.04523636039441972,0.9773584905660377,0.9773584905660377,0.5,0.12007473642790427,1.769720409005137,0.71239078246918,0.2996975762120267,19.11509433962264,5.546782760911783,12.045454545454545,6.4763874814863485,1.3321800204881966,0.9294865114667906,2.6363613435352096,0.16650122863823927,-0.3291665652493027,1.914961480360744,0.16662215319321094,0.23773584905660372,0.21509433962264146,94,9.095744680851064,3.407989187145785,0.010638297872340425,0.015063498274357962,46664.904935587285,120864.97220564571,0.5,0.090268950789772,0.4187540432192349,0.9899038803844784,0.2132537767485018,0.19709554814253932,1.9907255000000006,0.6387905425320238,-1.080617526747268e-08,2.493757529206155e-07,-0.5318781943994115,0.1986768690536378,-0.8412840994584361,0.5903109476692511,0.038318938193596906,0.03331429009250259,0.6264150943396226,0.47547169811320755,0.5003429355684377,0.39622641509433965,0.490037979415164,93,4.2272727272727275,0.35094339622641507,5.470588235294118,3.4842080710475574,4.2272727272727275,1.743882318599951,22,0,0,2,0.05194805194805195,1,265,0.0,22,8,0.6786591340630184,43.24919359705596,0.2588235294117647,0.15181832470143147,0.2951561937184389,-0.0967615557273582,2.832009599458436,0.5774769179959686,0.4187540432192349,0,0.9827528455057347,0.002649823722420743,0.04057433124654208,0.8093355319564082,0.8844810882537348,0.2471590909090909,0.0,0.5962264150943396,0.0830188679245283,0.06792452830188679,0.8181818181818182,-0.23298986529428056,0.16275886658633432,8.149732620320856,3.6158309970311784,0.057395188789357676,0.08462028884120822,0.053480270061087104,0.0745272816639297,0.3838120104438642,0.19589021114382998,0.9658098577532983,0.005189215182612959,0.045454545454545456,0.03917089384197867,5.002283092880042,0.0,0.7048438062815612,2.070416212985729,0.34430597549053477
spectf,0.1247217437750763,0.039548342966131356,2.5752206671326254,0.007271422850113577,0.1647940074906367,0.7337524087989602,0.5138526965331776,0.540631711644808,0.0,31.944483260887775,0.041653536437754914,0.01084399659849685,0.7337524087989602,0.4604965194674673,80.01521535580524,19.835369943299874,0.3228357054091091,0.2243294341424592,0.4840581432933724,0.14418227704662334,0.47933597255015264,0.1432109869489441,0.831995719636169,0.9900641446390117,3.318294581088307,4.789244502562614,0.8925448279872078,0.025470167584027505,0.6591760299625468,0.0,0.5,0.41578938069770777,5.342757731426939,0.6706153789202731,0.2679459722534644,27.016151685393258,20.87508834586742,6.068181818181818,8.01937965272447,1.1637877186363637,0.1352547686047745,3.1557646923532685,0.04094436035788978,4.062275607850581,2.6093345461422364,0.0702184945399944,0.10861423220973787,0.11610486891385763,22,5.2727272727272725,1.7506955945952067,0.04545454545454546,0.10619367237150111,271.9301587301588,347.18736517766695,0.5,0.0,0.4129934735380957,0.9513389162423376,0.8202039787390909,0.07212478401130486,1.7231888636363637,0.2728659719657587,0.3411813703157984,0.0029405203080624673,0.5757326590909092,0.050897306505671196,-4.3126,0.8291173647052714,0.15320838357831726,0.03985241963167606,0.3258426966292135,0.2247191011235955,0.4181810501732485,0.26591760299625467,0.44265029811160517,21,0.4772727272727273,0.07865168539325842,2.3333333333333335,1.6583123951777,1.4,0.6324555320336759,44,0,0,2,0.40380549682875266,1,267,0.0,44,44,0.5085984133880677,15.808614561331892,0.16666666666666666,0.019228266884166324,0.2922826476359949,0.041609632271798744,6.0357888636363635,0.8211364291659027,0.4129934735380957,0,0.9950136301551531,0.0035071341143007376,0.012328179746652469,-1.691968979438519,0.4065218495031062,0.011809757312410372,0.002424706504670141,0.7715355805243446,0.1647940074906367,0.07865168539325842,0.4772727272727273,0.5370547419635799,0.022334371684624488,4.4186046511627906,2.038119559784914,0.1059563698892027,0.10500702831323908,0.17169744318181818,0.11564100642762214,0.2777777777777778,0.04507840654813427,0.9900641446390117,0.006996560086712564,0.022727272727272728,0.05940098931435313,1.6418568983686659,3.0157802103341884e-06,0.7077173523640051,1.2939136886409734,0.45454700543163595
teaching,0.22089174753768562,0.23614120180775283,1.2794393477715331,1.187147341247021,0.033112582781456956,0.9997213915970682,0.0004625773003910094,0.3537248975110783,0.0,4.267005767870745,0.21463532354455445,0.26098862195528116,1.5845209168501238,0.43989254533243793,56.811258278145694,10.016901004777592,0.6501160184514813,0.05957624933012462,0.1719445629349659,0.08429369281368525,0.17194468935031773,0.08429377707143228,0.9289183222958057,1.0000005514877564,0.42402755195705943,51.194343374607335,0.9454814426192039,0.04087063503950698,0.9238178719832768,0.8571729721991806,0.3333333333333333,0.01011606113676785,1.011948838720561,0.8431008013278615,0.27235770127622244,37.63907284768212,6.988540367486703,30.2,2.995617865940293,0.9725032,0.8985520421682319,2.833009170957742,1.1638910432143843,-0.013206538670446522,1.102250446451542,0.21065385682475,0.2778630804256896,0.2980651006277098,59,7.830508474576271,2.6402229684636116,0.016949152542372885,0.013598346928140673,5482.885514485514,9640.706627773014,0.3333333333333333,0.03528247456722259,0.3049386610948063,0.9850006578658831,0.5942687788799998,0.5925782040507817,1.6154746,1.1587825316105693,-2.1589403991261997e-08,3.092408907512708e-07,0.032491599999999995,0.43716565920989836,-1.8375999999999997,0.4992981230687734,0.03095109366391551,0.03730877308600147,0.6688741721854304,0.31125827814569534,0.4645489635273646,0.5695364238410596,0.4967888052259154,58,11.6,0.3841059602649007,4.461538461538462,2.569545505058064,11.6,9.528903399657278,5,2,0,3,0.0,2,151,0.0,5,3,1.0983062060529227,40.337451970660865,0.3125,0.28048234063126143,0.25935547755437605,-0.051038331875074325,3.4530746,0.9195024617535289,0.2157043316891054,0,1.0000002757436945,6.02726255903188e-07,-0.018930283017760664,-0.42614859608217176,1.2374893510136868,0.21484040133779264,0.25737199682554673,0.5562913907284768,0.033112582781456956,0.033112582781456956,1.0,0.11659051142857149,0.31874237699109087,6.905982905982906,2.882715751362516,0.07726877562349403,0.0967677151481573,0.07373046875,0.09357328860929055,0.4680851063829786,0.2270743011783568,1.0000005514877561,1.2054531640735264e-06,0.2,0.1547730053343902,4.9598524932496995,0.0,0.7551804097115745,0.6999994541912493,0.16929812060185703
titanic,0.054808867354723984,0.05557210882442486,0.9588733668884982,0.8009054305030009,0.0013630168105406633,0.9076514058796559,0.22264320681415362,0.4700109326726785,0.0,235.99279138841655,0.0806031912068483,0.11022346474212821,0.9076514058796559,0.8368267826731065,925.1930940481599,121.13100685927074,0.35499671829808743,0.21373709876394203,0.18552609529044584,0.16927941142560413,0.18552613811178276,0.16927940968752317,0.9646739085539631,1.0000005204689584,0.40071296567746495,13.085490108754591,0.9030826201074859,0.10105574313132938,1.0,1.0,0.5,0.25026632555398476,1.152801933453918,0.8300383245802216,0.32945557921765184,371.92230804179917,160.61955610113316,733.6666666666666,2.2925776010759007,0.62932,1.090014214219246,1.7971615774780967,0.7924585376661989,4.805102798300063,9.033763882444454,0.18299925760953317,0.22398909586551563,0.2367105860972285,13,3.8461538461538463,0.6887372317211945,0.07692307692307693,0.11000889338403809,51.46666666666666,16.18888507587845,0.5,0.054392829322042084,0.28354921167938424,0.9999207332340985,0.46651476773999995,0.8080272802068742,1.9554436666666666,2.111412074608444,-1.4344994701298096e-07,8.17418758036643e-07,0.10473043333333333,0.38146459006893857,-1.3377999999999999,0.9612868363293029,0.06936319529005715,0.06854786541879689,0.6805997273966379,0.6660608814175375,0.4717254343181818,0.4865970013630168,0.4999339099685664,12,4.0,0.005452067242162653,2.4,1.51657508881031,4.0,3.0,3,2,0,2,0.0,1,2201,0.0,3,2,0.629136012916754,12.823950336756583,0.375,0.326915092461719,0.22091027683184114,-0.21909171913659603,3.2932436666666667,1.155522340706718,0.28354921167938424,0,1.00000026023397,1.1937136693289967e-06,0.23438451580514588,0.6842405494264555,3.021474659293524,0.4164015151515151,0.14440317528254162,0.004543389368468878,0.0013630168105406633,0.0013630168105406633,1.0,0.15176689699722432,0.3515859316486713,3.04,1.2409673645990857,0.24548643835373332,0.16148726056518203,0.27403846153846156,0.07776358711356642,0.5,0.24642126144227783,1.0000005204689575,2.3874273508748848e-06,0.3333333333333333,0.3416613107578838,2.586345714760333,0.0,0.7790897231681588,0.33086950490963085,0.17994547248355436
trains,0.1374654926954799,0.13987533289036938,0.7444593448168063,0.2788280221176172,2.9,1.0,0.0,0.9999999999999997,0.0,1.7509321123859207,0.15326758445244865,0.1797740220718662,1.0,0.25,0.86875,0.1975325219355593,0.4980164103892243,0.11097876736295913,0.33144000685031666,0.21973713930559283,0.33144032783370314,0.2197372952228481,0.8444444444444444,1.0000010314569179,2.140684244259673,9.416827277311784,0.8204343302621205,0.18426452621301637,0.5,0.0,0.5,0.0,4.329742422348355,0.6438447187191172,0.465565098652873,0.44375,0.12129938856674699,0.3448275862068966,7.729952825559596,1.1675504655172417,0.7322649364750362,1.6382664657768213,0.295210357723785,-0.42309874564100236,2.0091890735832862,0.0,0.0,0.0,3,1.6666666666666667,0.5773502691896257,0.3333333333333333,0.20816659994661327,6.0,0.0,0.5,0.23570226039551584,1501199875790164.2,0.79,0.37120321429655173,0.5724148434927467,1.6504642413793105,0.6965420896344545,1.8965517241656691e-07,8.085899665450958e-07,-0.22262291379310342,0.43242727180008605,-0.8979699655172412,0.5174454884332871,0.10619287903998484,0.1441481137364401,0.5,0.4,0.5163977794943223,0.1,0.31622776601683794,2,0.06896551724137931,0.2,1.0,0.0,1.0,0.0,29,16,0,2,0.21182266009852216,1,10,2.0,29,10,0.6931471805599453,6.010445065120561,0.5178571428571429,0.26567727713226735,0.9999999999999993,-0.19433681952865228,2.548434206896552,0.49259969211871785,1501199875790164.2,2,1.0000005157273788,1.4006047280984013e-06,0.06325095054416212,0.6398464913863221,0.9943640954398033,0.33492975734355046,0.13504533983798347,0.8,2.9,0.7,0.2413793103448276,-0.14815347701149426,0.21181139499399698,1.2,0.8366600265340756,0.35355339059327373,0.0,0.5,0.0,0.4996695307336418,0.22142192415299117,1.0000010314569177,2.8012081126023024e-06,0.034482758620689655,0.13641753093966255,2.1063136469916315,0.02071022471031679,6.66133814775094e-16,2.794925280062329,0.2530329978892477
waveform,0.017975777988172095,0.013097155576237775,4.087179728183787,0.0002006478597541797,0.0042,0.99992696017064,0.00012110436130485791,0.6767113511576281,0.0,818.9506432599748,0.017263232437478362,0.008802050966410983,1.5848467353305618,0.40161909557081454,1974.82315,173.6595083390046,0.6443497851472673,0.012777191777620255,0.2979600978014346,0.22472840851676237,0.297960099417522,0.22472841280741473,0.8795619123824765,0.9999999923441335,1.7087698504398836,6.659134312785881,0.7531385625381921,0.12541676489101247,0.8504603438056547,0.5323164909067257,0.3333333333333333,0.005178159261101699,4.75383607766218,0.8331865973946415,0.24889864697349715,1221.5075,136.01099290788358,238.0952380952381,6.6941793206944435,1.4382519999999999,0.06649168142515083,5.434030552801513,0.1263196541046091,-0.35315923231470037,0.24633142703610084,0.048899646359252334,0.06134269324292999,0.019639015806830955,550,11.147272727272727,3.10914712214197,0.0018181818181818182,0.007115807358036161,1053634.5227077017,4217764.293407681,0.3333333333333333,0.04643784910179519,1.7002385495520738,0.99703072,1.05850213586,0.043606348359774956,3.3105271428571426,0.3716351289254402,9.057333333921458e-09,2.6466429034114475e-08,-0.02495755238095238,0.057622243540566255,-3.2422633333333333,0.4096699280803185,0.2379959107128346,0.12647189318288732,0.3284,0.234,0.42341452026494586,0.313,0.4637607301216443,549,26.142857142857142,0.1098,26.142857142857142,24.477103003185885,26.142857142857142,5.738342219541409,21,0,0,3,0.25238095238095243,2,5000,4.0,21,19,1.0985320462140127,16.17331913788792,0.058823529411764705,0.0011657595693067549,0.9165867978832776,-0.3672861517968814,6.552790476190476,0.6848367160168631,0.9372301979325325,0,0.9999999961720659,4.3549426609737705e-08,0.09406250913309731,0.07510902310940064,0.15747281038921296,0.0012376398352650724,0.00024900644623557293,0.964,0.0042,0.0036,0.8571428571428571,-0.015722846063174617,0.033476073280369896,10.158325750682438,3.396190317067955,0.05062111150007951,0.08250630747470325,0.014352616396817295,0.018512209185900106,0.11072664359861592,0.003575122384287203,0.9999999923441332,8.709885148585456e-08,0.047619047619047616,0.04904145878019176,2.2897566784132852,4.290475633365027e-08,0.2927955015894511,0.9416350872118532,0.07835963649569908
wine,0.08214435052291992,0.05003164174163157,2.3173058075119184,0.008828109443088206,0.07303370786516854,0.9885547930265093,0.018697406258052607,0.9231669062040433,0.0,68.25192486639197,0.15279085821137312,0.07145183132247508,1.5668222768551812,0.3405912813376828,65.625,6.62579277849095,0.5974110057292242,0.04430657027542392,0.3049574836228845,0.1908464756532856,0.30495761608163807,0.19084655443410764,0.825874436615248,1.0000004080387261,1.2947624543018568,3.1829061453642518,0.5617908182459511,0.22095728110110854,0.1532643826761474,0.0,0.3333333333333333,0.06462709335856702,3.97730404217222,0.7825694480539591,0.29633266277664805,37.76685393258427,4.804702521231343,13.692307692307692,5.555837314607214,1.4458571346153843,0.1837242585441568,3.3918665456041106,0.23309370719414707,-0.06027540904853372,0.8985760690584473,0.0,0.0,0.002564102564102555,12,3.75,0.7537783614444091,0.08333333333333333,0.1265510065295304,46.13333333333333,16.228668983305347,0.3333333333333333,0.16666666666666669,13.209772647375676,0.8547531877288221,1.0194287119476921,0.155287382004838,3.00771,0.6210768115136805,9.381849611220223e-08,1.7730537676112366e-07,-0.05106082923076923,0.17204886593764607,-2.0836138461538463,0.5913633523271805,0.4922615387629892,0.23705787175437384,0.0898876404494382,0.03932584269662921,0.19491732422538577,0.011235955056179775,0.1056999294423178,11,0.8461538461538461,0.06179775280898876,2.2,1.3038404810405297,1.5714285714285714,1.133893419027682,13,0,0,3,0.1794871794871795,2,178,1.0,13,7,1.086038443640683,3.7074687438208316,0.2,0.016099696495401234,1.7058201118693046,-0.5919040901696258,5.091323846153847,0.8692526029923489,9.081175930027735,0,1.0000002040192695,3.9725421915094296e-07,0.27977980789231943,0.3442896585892334,0.4654435049895133,0.006196757204043295,0.005509299527695418,0.3202247191011236,0.07303370786516854,0.056179775280898875,0.7692307692307693,-0.05219450064387464,0.09161521616405509,2.9565217391304346,1.2605287804426009,0.23891722674639074,0.17305714131305633,0.2864583333333333,0.08514832201766658,0.32,0.046088523393282545,1.0000004080387264,7.945086607036866e-07,0.07692307692307693,0.12949905556691435,1.4065871286464262,4.222903767510705e-05,0.019341504633302586,0.9366991296569813,0.10058665225458073
yeast,0.008720906375671873,0.010761836825095676,2.4198349137722843,1.5239420058176463,0.005390835579514825,0.7496904102366402,0.1506903260725444,0.44794739995391364,0.0,66.35921714658608,0.13174096998388068,0.1538612673946492,2.4904176362327277,0.42246880504113105,727.8477088948787,47.68606304118989,0.7692792924375276,0.10475516783147423,0.08927312911585014,0.11745911122382202,0.08927314230883729,0.11745912263060958,0.927091947734704,0.9999993854421445,0.4125394729139581,12.681226661948264,0.7116533110208139,0.1498346270708322,0.511640407621896,0.30715974776874505,0.1,0.11701212941368597,10.85673612792422,0.8615732696101177,0.2300473395784479,564.2938005390836,80.61657950702603,185.5,5.839630588915182,0.774682375,0.5050131006031816,4.713866372025436,1.417780741210029,28.517827794036016,46.13594742250265,0.0464967166941792,0.06243915645525678,0.04725409634852147,509,13.38310412573674,4.565424382711272,0.0019646365422396855,0.003308956615682223,12903569.785930026,44085232.129466094,0.09999999999999999,0.10716207424603182,3.3468394387325704,0.9981400890722968,0.525353639055,0.4393419964212615,6.34039125,2.811641191258929,-1.5911388132488044e-08,2.8138595128718905e-07,-0.1110854625,0.2220310116274168,-2.8146756374999997,2.6722298660315285,0.19638617797957691,0.15369221075340983,0.6563342318059299,0.4615902964959569,0.4986905624469762,0.6037735849056604,0.48927738419163436,508,63.5,0.3423180592991914,21.166666666666668,13.89922320840634,63.5,42.98172369075688,8,1,0,10,0.03571428571428571,8,1484,0.0,8,8,1.7262259629714787,11.32181887069432,0.12307692307692308,0.16736537366689092,1.9974795286754976,-0.15675631270735346,9.1550668875,2.137723142593971,1.0279307256491996,1,0.9999996927200909,1.4612361828427692e-06,0.002767545778171163,2.9069408805504784,4.660582973451614,0.1150993173930919,0.19118252997541488,0.8099730458221024,0.005390835579514825,0.005390835579514825,1.0,-0.08392135763733183,0.1441298343193334,12.39724680432645,4.7582824900348815,0.04147172310291791,0.05800445043338965,0.012586013741483857,0.03052993140054515,0.2231543624161074,0.19772862084617307,0.9999993854421445,2.9224675400138862e-06,0.125,0.08301476856966938,2.9321545206908235,6.159551560717284e-08,0.07851851255699738,0.4044550230319348,0.12661099865055853
zoo,0.1599777569626873,0.20948110647524518,0.7611227951505602,0.3740142077210004,0.15841584158415842,0.8515345400438068,0.14667836830813297,0.8928506021947076,0.0,28.01102888397158,0.5931607846766233,0.3045567545514629,2.390559682294039,0.4735887553842666,16.44430693069307,2.8496285529611547,0.4155583259932733,0.2570602311690316,0.26239836591986043,0.20604576254419793,0.2623979305398577,0.20604533297549602,0.8748514851485149,0.999998558606247,1.3323877165401201,5.102573361067016,0.35868785456300045,0.322209815539506,0.052910052910052914,0.0,0.14285714285714288,0.12767506756884592,4.547805132148376,0.7518974619382149,0.31360011403615545,9.261138613861386,2.5070743039634986,6.3125,5.8334067409067405,1.0898615625,1.0283976625095936,2.6831816812514133,0.2702737632112987,-0.17548167541914175,2.4698929283605575,0.0,0.0,0.0,10,4.8,2.0976176963403033,0.1,0.1221969200435623,88.03809523809524,60.738832261742,0.14285714285714285,0.053452248382484885,inf,0.7969806881678267,0.0911410744125,0.3645642976499999,1.46501,0.864429212069714,-2.8341584159347616e-07,7.894997189479018e-07,-0.04999487500000001,0.6811870152961789,-1.00939475,0.5588789030612982,0.4685007961931862,0.3464881332255414,0.16831683168316833,0.0297029702970297,0.17061333737750137,0.3564356435643564,0.4813347777969423,9,0.5625,0.0891089108910891,1.2857142857142858,0.4879500364742666,1.0,0.0,16,15,0,7,0.13333333333333333,6,101,0.0,16,8,1.6570097037423916,0.6245923194476525,0.5161290322580645,0.26157786167366187,4.900033765956848,-0.773241349701415,2.47440475,0.598125564249793,inf,5,0.9999992793023407,1.0564881754646634e-06,0.3716086941115387,0.3890551892810495,1.303340839653159,0.4739583333333333,0.08416666666666667,0.1188118811881188,0.15841584158415842,0.09900990099009901,0.625,-0.054226533811475415,0.312637943948207,4.105263157894737,2.1316330943956574,0.13318105680701312,0.12789839346659077,0.2078125,0.17948735834469112,0.5011135857461024,0.18644837930924466,0.9999985586062474,2.1129756797680877e-06,0.0625,0.10589291504453907,1.415219687160361,0.0007178567302167033,0.0,1.6073618947355697,0.33202841238747993
